	dxy	population
0	0.007083931976297735	GHcol
1	0.0070456458959272114	GHcol
2	0.007408596339256043	GHcol
3	0.007370358216397466	GHcol
4	0.007050937208078628	GHcol
5	0.007036717805786527	GHcol
6	0.00704881908463433	GHcol
7	0.007024816349905169	GHcol
8	0.007224871110989477	GHcol
9	0.007201443866403672	GHcol
10	0.008124498084672888	GHgam
11	0.008125768958739467	GHgam
12	0.007076906200797591	GHcol
13	0.0070498981286531235	GHcol
14	0.008118007834722812	GHgam
15	0.00813195547778055	GHgam
16	0.007030595230094707	GHcol
17	0.00705515746912991	GHcol
18	0.0074339258984823875	GHcol
19	0.007393106062897364	GHcol
20	0.007057475415540651	GHcol
21	0.007084027891321628	GHcol
22	0.007216790270226512	GHcol
23	0.007195385234061113	GHcol
24	0.0072272609936681375	GHcol
25	0.00721479204056208	GHcol
26	0.007258673163993014	GHcol
27	0.007166370939333555	GHcol
28	0.007925386487990193	GHgam
29	0.007985261441655242	GHgam
30	0.007972336892185695	GHgam
31	0.008026448951498523	GHgam
32	0.00702931636310947	GHcol
33	0.007035542846743841	GHcol
34	0.007250632287823338	GHcol
35	0.007205208531091463	GHcol
36	0.007170007717322823	GHcol
37	0.007243838306964268	GHcol
38	0.007231753013953781	GHcol
39	0.007273524006859075	GHcol
40	0.00721644657472423	GHcol
41	0.007234302755005597	GHcol
42	0.008118463431086301	GHgam
43	0.008117392379986167	GHgam
44	0.007216630411853358	GHcol
45	0.007177920706793975	GHcol
46	0.007197591279610646	GHcol
47	0.0072518152397846826	GHcol
48	0.007244549676724807	GHcol
49	0.007196088610902993	GHcol
50	0.00724207187194091	GHcol
51	0.007199213842098166	GHcol
52	0.007283395261401371	GHcol
53	0.007207246725349183	GHcol
54	0.0074163015128420945	GHcol
55	0.007412800614470009	GHcol
56	0.007856207777007544	GHgam
57	0.007855384506385798	GHgam
58	0.00814205053404526	GHgam
59	0.008098888773293523	GHgam
60	0.007863960908105542	GHgam
61	0.007877468940637105	GHgam
62	0.007072733897258256	GHcol
63	0.007041633450761031	GHcol
64	0.007041537535737138	GHcol
65	0.007038100580714315	GHcol
66	0.007077985244816384	GHcol
67	0.007055908803483736	GHcol
68	0.007207478519990257	GHcol
69	0.007203394138556158	GHcol
70	0.0070412258119094875	GHcol
71	0.00704726845841473	GHcol
72	0.007975845783476437	GHgam
73	0.007992926650648005	GHgam
74	0.007231665091848547	GHcol
75	0.0072339350807473415	GHcol
76	0.007071726789507383	GHcol
77	0.007052391919274335	GHcol
78	0.00722693328400317	GHcol
79	0.007272149224849945	GHcol
80	0.007250896054139044	GHcol
81	0.007192795528416009	GHcol
82	0.007405343221362348	GHcol
83	0.007409235772748662	GHcol
84	0.007255228216051532	GHcol
85	0.00719581685166863	GHcol
86	0.007042464714301435	GHcol
87	0.007062167258792738	GHcol
88	0.007054046453436485	GHcol
89	0.007020636053447177	GHcol
90	0.00701354633459777	GHcol
91	0.007011188423593741	GHcol
92	0.00784851059634015	GHgam
93	0.007821838226779308	GHgam
94	0.0070695207439578495	GHcol
95	0.007019940669523954	GHcol
96	0.007072286293813424	GHcol
97	0.007053438991618498	GHcol
98	0.007037796849805321	GHcol
99	0.00707940798433746	GHcol
100	0.007226205928405317	GHcol
101	0.007247762830025213	GHcol
102	0.007087776570172103	GHcol
103	0.007074276530559198	GHcol
104	0.00743251115187997	GHcol
105	0.007411369882030275	GHcol
106	0.0072307139345282765	GHcol
107	0.007214096656638858	GHcol
108	0.008027639896378523	GHgam
109	0.007970962110176566	GHgam
110	0.00704593364099889	GHcol
111	0.007025991308947855	GHcol
112	0.007062175251711396	GHcol
113	0.007067186811709792	GHcol
114	0.00719117296592849	GHcol
115	0.007246947552322125	GHcol
116	0.007221282290512156	GHcol
117	0.007205384375301932	GHcol
118	0.007078856472950077	GHcol
119	0.007062287152572604	GHcol
120	0.00813576010706163	GHgam
121	0.008122611755869664	GHgam
122	0.007209356855874824	GHcol
123	0.007213880847835099	GHcol
124	0.007212274271184895	GHcol
125	0.0072349262026609	GHcol
126	0.007272181196524577	GHcol
127	0.007256411168012877	GHcol
128	0.007421688740017404	GHcol
129	0.007387966616200444	GHcol
130	0.007060344873338776	GHcol
131	0.007064037601758647	GHcol
132	0.007060512724630588	GHcol
133	0.00706948077936456	GHcol
134	0.008224953086363231	BFgam
135	0.008215185739763485	BFgam
136	0.007593424590297377	BFcol
137	0.00757218740542379	BFcol
138	0.0074981569928159	BFcol
139	0.0075546509418887315	BFcol
140	0.007615101385697139	BFcol
141	0.007602208807902222	BFcol
142	0.0075488001254312735	BFcol
143	0.007533949282565212	BFcol
144	0.007573250463605268	BFcol
145	0.007555881851362022	BFcol
146	0.007605829600054173	BFcol
147	0.0076004983233094675	BFcol
148	0.007620648471245603	BFcol
149	0.0075872940216868984	BFcol
150	0.007535164206201188	BFcol
151	0.007541918222466969	BFcol
152	0.007557800151839877	BFcol
153	0.007588197221495222	BFcol
154	0.007610249684071897	BFcol
155	0.007602344687519403	BFcol
156	0.007565161629923646	BFcol
157	0.0075694298484868736	BFcol
158	0.007561221121025385	BFcol
159	0.007548824104187247	BFcol
160	0.007551965321219735	BFcol
161	0.007575712282551848	BFcol
162	0.008210509882348713	BFgam
163	0.00821453831335221	BFgam
164	0.00820619370627354	BFgam
165	0.008195619074889363	BFgam
166	0.008388448237507085	BFgam
167	0.00838547487176641	BFgam
168	0.007566616341119352	BFcol
169	0.007555634070883633	BFcol
170	0.007575840169250372	BFcol
171	0.007635731108752738	BFcol
172	0.007557872088107796	BFcol
173	0.00756130904313062	BFcol
174	0.007520121533287341	BFcol
175	0.00753899281423824	BFcol
176	0.007631446904352196	BFcol
177	0.007673137968070912	BFcol
178	0.007619873158135803	BFcol
179	0.007599235442161546	BFcol
180	0.007577734490972254	BFcol
181	0.007584792238147029	BFcol
182	0.00806527855033777	BFgam
183	0.008100367463245203	BFgam
184	0.008204731002159175	BFgam
185	0.008199127966180107	BFgam
186	0.008213770993161068	BFgam
187	0.008218486815169127	BFgam
188	0.007514454553959011	BFcol
189	0.007527746777686815	BFcol
190	0.0075605017583461895	BFcol
191	0.007540703298830994	BFcol
192	0.007613047205602103	BFcol
193	0.007584952096520184	BFcol
194	0.008068547654068782	BFgam
195	0.008107920771376757	BFgam
196	0.00819883222818977	BFgam
197	0.008209590696703075	BFgam
198	0.008195563124458759	BFgam
199	0.008224025907798934	BFgam
200	0.008181223828386793	BFgam
201	0.00816507813269818	BFgam
202	0.008183110157190017	BFgam
203	0.00819175849517768	BFgam
204	0.008203739880245616	BFgam
205	0.008201326018810982	BFgam
206	0.008177307298244505	BFgam
207	0.008190079982259558	BFgam
208	0.008215049860146303	BFgam
209	0.00817285524255215	BFgam
210	0.008206369550484009	BFgam
211	0.008214026766558115	BFgam
212	0.007598084461874833	BFcol
213	0.007610553414980891	BFcol
214	0.007603839363308398	BFcol
215	0.007576183864752654	BFcol
216	0.007569222032601772	BFcol
217	0.00755162961863611	BFcol
218	0.007532238797972459	BFcol
219	0.007548808118349932	BFcol
220	0.007537274336726828	BFcol
221	0.007535739696344544	BFcol
222	0.008197593325797822	BFgam
223	0.008217855374595167	BFgam
224	0.008067756355121667	BFgam
225	0.008073607171579126	BFgam
226	0.008205482336513002	BFgam
227	0.008204251427039712	BFgam
228	0.008167515972888787	BFgam
229	0.008186810878528546	BFgam
230	0.008040900148431696	BFgam
231	0.008107992707644677	BFgam
232	0.008222059649809132	BFgam
233	0.008215529435265767	BFgam
234	0.008061881559908236	BFgam
235	0.0080448326644113	BFgam
236	0.008038502272834378	BFgam
237	0.008020742007576903	BFgam
238	0.008127423492901617	BFgam
239	0.008141331171366065	BFgam
240	0.008076340749760068	BFgam
241	0.008018879657529652	BFgam
242	0.00817989700388961	BFgam
243	0.008122571791276375	BFgam
244	0.008193740739004798	BFgam
245	0.008234832333824185	BFgam
246	0.008206433493833272	BFgam
247	0.00822118842167544	BFgam
248	0.008198952121969636	BFgam
249	0.008204962796800249	BFgam
250	0.008070481940383952	BFgam
251	0.008050523622495602	BFgam
252	0.008175684735756987	BFgam
253	0.008157724647533069	BFgam
254	0.008208223907612602	BFgam
255	0.008186818871447203	BFgam
256	0.008172879221308124	BFgam
257	0.008183525788960219	BFgam
258	0.008201525841777425	BFgam
259	0.008204483221680785	BFgam
260	0.008219933533446177	BFgam
261	0.0082101342151718	BFgam
262	0.008073087631866373	BFgam
263	0.008018144309013141	BFgam
264	0.008175820615374169	BFgam
265	0.008182678539582499	BFgam
266	0.008205002761393538	BFgam
267	0.008212452161582541	BFgam
268	0.008208167957182	BFgam
269	0.00821042196024348	BFgam
270	0.00817514921020692	BFgam
271	0.00819654625345366	BFgam
272	0.008192006275656069	BFgam
273	0.008205474343594345	BFgam
274	0.008209215029526162	BFgam
275	0.008223522353923497	BFgam
276	0.008230036582629547	BFgam
277	0.008225136923492358	BFgam
278	0.008176947616904908	BFgam
279	0.008160370303608777	BFgam
280	0.008182982270491494	BFgam
281	0.008196274494219297	BFgam
282	0.007526571818644128	BFcol
283	0.007533565622469642	BFcol
284	0.007590115521973077	BFcol
285	0.0075888446479064975	BFcol
286	0.007611936189908678	BFcol
287	0.007592537376326369	BFcol
288	0.007568942280448752	BFcol
289	0.007581251375181655	BFcol
290	0.00756060566628874	BFcol
291	0.007547713088493823	BFcol
292	0.007587797575562335	BFcol
293	0.0075922016737427446	BFcol
294	0.007565273530784854	BFcol
295	0.007558655394136254	BFcol
296	0.007635331462819851	BFcol
297	0.007660069546065524	BFcol
298	0.0076101138044547155	BFcol
299	0.007578965400445545	BFcol
300	0.007555250410788062	BFcol
301	0.007575440523317486	BFcol
302	0.007612048090769886	BFcol
303	0.007643196494779058	BFcol
304	0.0075985720299129545	BFcol
305	0.0076119441828273356	BFcol
306	0.00767856515983951	BFcol
307	0.007677446151227427	BFcol
308	0.007644851028941207	BFcol
309	0.007622071210766679	BFcol
310	0.008213299410960261	BFgam
311	0.008223762141483229	BFgam
312	0.008191254941302243	BFgam
313	0.008172647426667049	BFgam
314	0.008181751361018202	BFgam
315	0.008170537296141409	BFgam
316	0.008188257596805595	BFgam
317	0.00816522200523402	BFgam
318	0.008182406780348137	BFgam
319	0.008222547217847254	BFgam
320	0.008216496578423353	BFgam
321	0.008225240831434909	BFgam
322	0.008212835821678113	BFgam
323	0.008198856206945744	BFgam
324	0.007521344449841974	BFcol
325	0.007507860396066384	BFcol
326	0.008088186255210824	BFgam
327	0.008038150584413437	BFgam
328	0.008206465465507903	BFgam
329	0.008176939623986251	BFgam
330	0.008202293161968568	BFgam
331	0.00822129232961799	BFgam
332	0.00820024697479219	BFgam
333	0.008209742562157571	BFgam
334	0.007555346325811954	BFcol
335	0.007519977660751502	BFcol
336	0.007534340935579442	BFcol
337	0.007576215836427286	BFcol
338	0.008161145616718577	BFgam
339	0.008194420137090704	BFgam
340	0.0076092185975650505	BFcol
341	0.007595550706660333	BFcol
342	0.007549695332320939	BFcol
343	0.00754222994629462	BFcol
344	0.007683672634861799	BFcol
345	0.00766708732864701	BFcol
346	0.00818458085422304	BFgam
347	0.008176164310876451	BFgam
348	0.008196242522544667	BFgam
349	0.008195259393549766	BFgam
350	0.0075411109376825386	BFcol
351	0.007546993725814627	BFcol
352	0.00756504173614378	BFcol
353	0.007544340076820261	BFcol
354	0.007673537614003798	BFcol
355	0.0076544585171677984	BFcol
356	0.007605350024934709	BFcol
357	0.007592185687905429	BFcol
358	0.007418595480496863	BFcol
359	0.007410738441456315	BFcol
360	0.007630967329232732	BFcol
361	0.007587349972117502	BFcol
362	0.007602872220150813	BFcol
363	0.007619313653829762	BFcol
364	0.008186994715657673	BFgam
365	0.008213954830290195	BFgam
366	0.007585056004462735	BFcol
367	0.007601209693070005	BFcol
368	0.008090911840473109	BFgam
369	0.008103077062670173	BFgam
370	0.008215753236988184	BFgam
371	0.008210925514118915	BFgam
372	0.00804014881407787	BFgam
373	0.00808052903913672	BFgam
374	0.0075297370144325896	BFcol
375	0.0075298808869684285	BFcol
376	0.008214913980529122	BFgam
377	0.00821742375698765	BFgam
378	0.008159682912604212	BFgam
379	0.008183853498625186	BFgam
380	0.007513775155873104	BFcol
381	0.00752783469979205	BFcol
382	0.008194819783023591	BFgam
383	0.008208559610196228	BFgam
384	0.008203012524647764	BFgam
385	0.00822224348693826	BFgam
386	0.007527578926395002	BFcol
387	0.007526116222280638	BFcol
388	0.008220005469714096	BFgam
389	0.008232826111241093	BFgam
390	0.007548991955479059	BFcol
391	0.007521488322377813	BFcol
392	0.0075562495256202775	BFcol
393	0.007560709574231291	BFcol
394	0.008220213285599198	BFgam
395	0.008216552528853957	BFgam
396	0.007562092349159078	BFcol
397	0.007585063997381392	BFcol
398	0.007711895630642241	BFcol
399	0.007719025314084936	BFcol
400	0.007429561764895267	BFcol
401	0.007419290864420085	BFcol
402	0.007538017678161997	BFcol
403	0.007543404905337307	BFcol
404	0.007527890650222654	BFcol
405	0.0075031845386516124	BFcol
406	0.008088689809086261	BFgam
407	0.008026608809871676	BFgam
408	0.008225360725214775	BFgam
409	0.008218998361963221	BFgam
410	0.008213611134787913	BFgam
411	0.008222411338230073	BFgam
412	0.008203604000628435	BFgam
413	0.0082060498337377	BFgam
414	0.008102309742479032	BFgam
415	0.008046391283549557	BFgam
416	0.007679484345485149	BFcol
417	0.007664018047882443	BFcol
418	0.0076846797426126726	BFcol
419	0.0076894515150513374	BFcol
420	0.008179793095947059	BFgam
421	0.008177643000828131	BFgam
422	0.008095092136931102	BFgam
423	0.008037567101351423	BFgam
424	0.007667574896685132	BFcol
425	0.007662491400418816	BFcol
426	0.007607300297087195	BFcol
427	0.007577238930015475	BFcol
428	0.008203500092685884	BFgam
429	0.00821196459354442	BFgam
430	0.008219014347800537	BFgam
431	0.008223354502631685	BFgam
432	0.0076418137198512705	BFcol
433	0.007643907864539595	BFcol
434	0.007532430628020244	BFcol
435	0.007547665130981877	BFcol
436	0.008168611002744896	BFgam
437	0.008208911298617167	BFgam
438	0.008030980936377455	BFgam
439	0.008040524481254783	BFgam
440	0.008213155538424421	BFgam
441	0.008196202557951377	BFgam
442	0.00818601957958143	BFgam
443	0.008212771878328851	BFgam
444	0.008198352653070307	BFgam
445	0.00821868663813557	BFgam
446	0.008182334844080217	BFgam
447	0.008184644797572301	BFgam
448	0.008199303810390577	BFgam
449	0.008222435316986045	BFgam
450	0.007586782474892804	BFcol
451	0.007591258509341132	BFcol
452	0.008167595902075364	BFgam
453	0.00818377356943861	BFgam
454	0.008181639460156995	BFgam
455	0.008176875680636988	BFgam
456	0.007590283373264889	BFcol
457	0.007604838478140614	BFcol
458	0.008215593378615028	BFgam
459	0.008220117370575304	BFgam
460	0.008140028325624856	BFgam
461	0.008134001664956928	BFgam
462	0.007582266475851186	BFcol
463	0.007577614597192388	BFcol
464	0.008221132471244836	BFgam
465	0.0082325223803321	BFgam
466	0.008179745138435113	BFgam
467	0.008199447682926415	BFgam
468	0.008029805977334768	UGgam
469	0.008033586627859874	UGgam
470	0.007980569598403155	UGgam
471	0.008009823680690444	UGgam
472	0.008028982706713022	UGgam
473	0.008039349522212098	UGgam
474	0.008165845452889321	UGgam
475	0.008171968028581143	UGgam
476	0.007996211740216332	UGgam
477	0.008020574156285092	UGgam
478	0.007997554550550831	UGgam
479	0.008002478188443992	UGgam
480	0.008143449294810364	UGgam
481	0.008125673043715574	UGgam
482	0.00803321895360162	UGgam
483	0.00798879431170196	UGgam
484	0.008148253038923659	UGgam
485	0.008155862297485817	UGgam
486	0.008151082532128496	UGgam
487	0.008144176650408218	UGgam
488	0.007862658062364332	UGgam
489	0.00784907809356485	UGgam
490	0.00802202087456214	UGgam
491	0.007945616565112905	UGgam
492	0.007989553638974443	UGgam
493	0.007963832426733871	UGgam
494	0.007866374769540177	UGgam
495	0.007844450193662025	UGgam
496	0.00812350696275933	UGgam
497	0.008127583351274772	UGgam
498	0.007883759367620738	UGgam
499	0.007869867674993604	UGgam
500	0.007852099416817472	UGgam
501	0.007840253911366717	UGgam
502	0.008133969693282297	UGgam
503	0.008109263581711256	UGgam
504	0.007867269976429843	UGgam
505	0.00785301860246311	UGgam
506	0.008134920850602566	UGgam
507	0.008137134889070759	UGgam
508	0.00817102486417953	UGgam
509	0.00817532505441739	UGgam
510	0.008005499511696613	UGgam
511	0.007991200180217935	UGgam
512	0.008148300996435607	UGgam
513	0.008156054127533603	UGgam
514	0.00798572503093739	UGgam
515	0.008021805065758381	UGgam
516	0.00800294177772614	UGgam
517	0.007992527004715118	UGgam
518	0.008012397400498234	UGgam
519	0.008050012075701508	UGgam
520	0.008148412897296814	UGgam
521	0.008144000806197748	UGgam
522	0.008155302793179777	UGgam
523	0.00812867838113088	UGgam
524	0.008003213536960502	UGgam
525	0.008019151416764014	UGgam
526	0.008046311354362979	UGgam
527	0.007997586522225462	UGgam
528	0.00787108259862958	UGgam
529	0.007872657203605152	UGgam
530	0.007882056875946642	UGgam
531	0.00790184734254318	UGgam
532	0.008151889816912927	UGgam
533	0.00814797328677064	UGgam
534	0.00798970550442894	UGgam
535	0.008029726048148191	UGgam
536	0.00803979712565693	UGgam
537	0.007979890200317249	UGgam
538	0.008132195265340281	UGgam
539	0.008126088675485777	UGgam
540	0.008031652341544704	UGgam
541	0.008027496023842685	UGgam
542	0.007864872100832523	UGgam
543	0.007862146515570238	UGgam
544	0.008150994610023261	UGgam
545	0.00814068374495479	UGgam
546	0.008032275789200006	UGgam
547	0.00797273653811858	UGgam
548	0.00819855247603675	UGgam
549	0.008215209718519459	UGgam
550	0.008142977712609557	UGgam
551	0.00813399367203827	UGgam
552	0.0079735837874963	UGgam
553	0.007970818237640726	UGgam
554	0.008134225466679345	UGgam
555	0.008158611861504076	UGgam
556	0.008044904600679218	UGgam
557	0.00801540273791354	UGgam
558	0.007990816520122365	UGgam
559	0.008006434683179568	UGgam
560	0.007999368943086135	UGgam
561	0.007985381335435108	UGgam
562	0.007980217909982216	UGgam
563	0.007959740052381113	UGgam
564	0.00815345642896984	UGgam
565	0.008150507041985139	UGgam
566	0.007871841925902063	UGgam
567	0.007886293122835238	UGgam
568	0.00787438367403522	UGgam
569	0.0078481988725125	UGgam
570	0.008150802779975475	UGgam
571	0.00813153185309169	UGgam
572	0.007857118969734525	UGgam
573	0.007845904904857731	UGgam
574	0.008028431195325638	UGgam
575	0.008028063521067384	UGgam
576	0.008129709467637728	UGgam
577	0.008135096694813037	UGgam
578	0.008080201329471752	UGgam
579	0.008142913769260296	UGgam
580	0.008000519923372848	UGgam
581	0.0080142757363828	UGgam
582	0.007857902275762984	UGgam
583	0.007855920031935866	UGgam
584	0.008139564736342707	UGgam
585	0.008124338226299732	UGgam
586	0.008146430653469696	UGgam
587	0.008139996353950225	UGgam
588	0.007979714356106778	UGgam
589	0.007996203747297674	UGgam
590	0.007863513304660709	UGgam
591	0.00786150708207762	UGgam
592	0.007970322676683947	UGgam
593	0.007994589177728812	UGgam
594	0.007989233922228134	UGgam
595	0.007989161985960214	UGgam
596	0.007862130529732923	UGgam
597	0.00784520952093451	UGgam
598	0.007994053652178744	UGgam
599	0.008006474647772856	UGgam
600	0.00798952966021847	UGgam
601	0.007995700193422238	UGgam
602	0.008026864583268723	UGgam
603	0.008026089270158925	UGgam
604	0.008118990963717713	UGgam
605	0.008119566453861068	UGgam
606	0.007983806730459536	UGgam
607	0.008048517399912513	UGgam
608	0.007853642050118414	UGgam
609	0.007858014176624191	UGgam
610	0.007973399950367173	UGgam
611	0.00803824649943733	UGgam
612	0.008136271653855724	UGgam
613	0.008128374650221887	UGgam
614	0.008038030690633571	UGgam
615	0.008021916966619589	UGgam
616	0.00801152617236454	UGgam
617	0.008024970261546843	UGgam
618	0.008003317444903053	UGgam
619	0.007998849403373382	UGgam
620	0.007973775617544086	UGgam
621	0.007989545646055786	UGgam
622	0.007998809438780095	UGgam
623	0.00800339737408963	UGgam
624	0.008025689624226038	UGgam
625	0.008002406252176072	UGgam
626	0.008144720168876943	UGgam
627	0.008141091383806334	UGgam
628	0.008011278391886152	UGgam
629	0.008018320153223612	UGgam
630	0.008099488242192853	UGgam
631	0.008106410109750446	UGgam
632	0.008146782341890637	UGgam
633	0.008128558487351015	UGgam
634	0.007999960419066808	UGgam
635	0.007989897334476725	UGgam
636	0.008065646224596027	UGgam
637	0.008034313983457728	UGgam
638	0.007870706931452665	UGgam
639	0.00786217049432621	UGgam
640	0.008034497820586855	UGgam
641	0.00800568334882574	UGgam
642	0.007988114913616052	UGgam
643	0.007998761481268147	UGgam
644	0.00814138712179667	UGgam
645	0.0081628241296367	UGgam
646	0.008112165011184011	UGgam
647	0.008139916424763648	UGgam
648	0.007899601332400356	UGgam
649	0.007869955597098839	UGgam
650	0.008161145616718577	UGgam
651	0.008154135827055748	UGgam
652	0.008078618731577522	UGgam
653	0.008047973881443788	UGgam
654	0.00814434450170003	UGgam
655	0.008110462519509915	UGgam
656	0.007962785354389709	UGgam
657	0.008035313098289944	UGgam
658	0.007846528352513035	UGgam
659	0.007849733512894783	UGgam
660	0.007942882986931962	UGgam
661	0.008001822769114058	UGgam
662	0.007987043862515916	UGgam
663	0.008008896502126148	UGgam
664	0.00817247158245658	UGgam
665	0.008181895233554042	UGgam
666	0.008132051392804441	UGgam
667	0.008123666821132485	UGgam
668	0.008125681036634231	UGgam
669	0.008143896898255197	UGgam
670	0.008112668565059449	UGgam
671	0.008160953786670791	UGgam
672	0.008147461739976544	UGgam
673	0.008143489259403653	UGgam
674	0.008182198964463035	UGgam
675	0.008150850737487421	UGgam
676	0.00797136175610945	UGgam
677	0.008003900927965067	UGgam
678	0.00813416951624874	UGgam
679	0.008133402196057599	UGgam
680	0.008157380952030786	UGgam
681	0.008132243222852227	UGgam
682	0.008002502167199966	UGgam
683	0.007992391125097937	UGgam
684	0.00796224982883964	UGgam
685	0.007997586522225462	UGgam
686	0.008146766356053322	UGgam
687	0.008136263660937065	UGgam
688	0.00798132892567564	UGgam
689	0.0080058991576295	UGgam
690	0.008031460511496918	UGgam
691	0.008039557338097199	UGgam
692	0.00796992303075106	GM
693	0.007978611333332011	GM
694	0.008118943006205767	GM
695	0.008105283108219707	GM
696	0.00794862989544687	GM
697	0.007951291537359894	GM
698	0.008146318752608489	GM
699	0.008111581528121997	GM
700	0.00816730016408503	GM
701	0.008121732534817313	GM
702	0.008191470750106003	GM
703	0.008098081488509093	GM
704	0.007966198330656558	GM
705	0.007869627887433872	GM
706	0.00824104283162124	GM
707	0.008245398972289701	GM
708	0.00820802408464616	GM
709	0.00819098318206788	GM
710	0.008132363116632093	GM
711	0.008149052330789433	GM
712	0.008118823112425901	GM
713	0.008131132207158803	GM
714	0.007897730989434448	GM
715	0.007999488836866001	GM
716	0.007983558949981146	GM
717	0.008001830762032716	GM
718	0.008112013145729515	GM
719	0.008127375535389671	GM
720	0.007883655459678188	GM
721	0.007998233948636737	GM
722	0.00793334743497329	GM
723	0.007908697273832853	GM
724	0.007976884862901943	GM
725	0.007903270082064255	GM
726	0.008068963285838985	GM
727	0.008111805329844414	GM
728	0.008189968081398349	GM
729	0.008204890860532329	GM
730	0.008080177350715778	GM
731	0.008096498890614862	GM
732	0.007962721411040445	GM
733	0.007949453166068616	GM
734	0.008138421748974653	GM
735	0.00811135772639958	GM
736	0.007956534891999363	GM
737	0.00795647894156876	GM
738	0.007957981610276412	GM
739	0.007940868771430213	GM
740	0.007977604225581138	GM
741	0.007969419476875622	GM
742	0.008137358690793175	GM
743	0.008135983908784046	GM
744	0.00814360915318352	GM
745	0.008171672290590806	GM
746	0.00794552864300767	GM
747	0.008034497820586855	GM
748	0.008100607250804935	GM
749	0.007993661999164516	GM
750	0.008040020927379347	GM
751	0.008001718861171507	GM
752	0.008165062146860864	GM
753	0.008174006222838863	GM
754	0.008144112707058955	GM
755	0.008097162302863453	GM
756	0.008118039806397442	GM
757	0.008117879948024287	GM
758	0.00809693050822238	GM
759	0.008101598372718493	GM
760	0.008097178288700768	GM
761	0.00809710635243285	GM
762	0.008156797468968772	GM
763	0.008169706032601006	GM
764	0.008174349918341145	GM
765	0.008121205002185904	GM
766	0.008088394071095925	GM
767	0.00809671469941862	GM
768	0.008173670520255239	GM
769	0.00812505758897893	GM
770	0.008176300190493632	GM
771	0.00820594592579515	GM
772	0.00811185328735636	GM
773	0.008148868493660305	GM
774	0.008135280531942166	GM
775	0.008098920744968154	GM
776	0.007935553480522824	GM
777	0.007973847553812006	GM
778	0.007929974423299728	GM
779	0.007909248785220237	GM
780	0.00796284929773897	GM
781	0.007941356339468335	GM
782	0.008128118876824839	GM
783	0.008129301828786184	GM
784	0.00796914771764126	GM
785	0.007931253290284965	GM
786	0.008097985573485199	GM
787	0.008135408418640688	GM
788	0.00810608240008548	GM
789	0.00811696076237865	GM
790	0.008158507953561525	GM
791	0.008159826785140052	GM
792	0.007943914073438809	GM
793	0.007969307576014415	GM
794	0.008109447418840383	GM
795	0.0080748220952151	GM
796	0.008005667362988425	GM
797	0.00794986080492016	GM
798	0.007921501929522536	GM
799	0.00808034520200759	GM
800	0.007960275577931181	GM
801	0.007927448661003885	GM
802	0.007998417785765865	GM
803	0.00800857678537984	GM
804	0.007934562358609265	GM
805	0.007995396462513243	GM
806	0.008084525498465583	GM
807	0.008075069875693489	GM
808	0.008162952016335224	GM
809	0.00812709578323665	GM
810	0.008132371109550752	GM
811	0.008125281390701346	GM
812	0.007942651192290888	GM
813	0.008000176227870566	GM
814	0.008021189611021736	GM
815	0.00797175340912368	GM
816	0.008101670308986413	GM
817	0.008182662553745184	GM
818	0.008013756196670047	GM
819	0.00798069748510168	GM
820	0.00790828963498131	GM
821	0.007956982495444196	GM
822	0.007801895894728274	GW
823	0.007786229774159124	GW
824	0.007847167786005653	GW
825	0.007862434260641916	GW
826	0.0079626734535285	GW
827	0.007969011838024079	GW
828	0.008088434035689212	GW
829	0.008037207420011825	GW
830	0.007979826256967987	GW
831	0.00796728536759401	GW
832	0.007774512155406893	GW
833	0.007783440245547577	GW
834	0.008038126605657465	GW
835	0.007957374148458426	GW
836	0.008006067008921312	GW
837	0.007973264070749992	GW
838	0.007776518377989983	GW
839	0.007772473961149172	GW
840	0.007960091740802052	GW
841	0.007986332492755379	GW
842	0.0079412684173631	GW
843	0.007947414971810894	GW
844	0.008069634691006234	GW
845	0.008105522895779439	GW
846	0.00801597023513824	GW
847	0.007988842269213906	GW
848	0.007977580246825164	GW
849	0.007918216839954209	GW
850	0.0077775574574154875	GW
851	0.0077612439104350625	GW
852	0.0078042058482203575	GW
853	0.007803150782957537	GW
854	0.007757359351967406	GW
855	0.007754913518858141	GW
856	0.00782767305739945	GW
857	0.007768373593877757	GW
858	0.007796053071189473	GW
859	0.007772977515024609	GW
860	0.00793834300913437	GW
861	0.007952802198986204	GW
862	0.007990472824620082	GW
863	0.007941859893343773	GW
864	0.007740302463551812	GW
865	0.0077282251634599826	GW
866	0.00796105089104098	GW
867	0.007926809227511268	GW
868	0.00781834532132588	GW
869	0.007790929610329869	GW
870	0.007806819532621435	GW
871	0.007797963378748671	GW
872	0.0078104563106107016	GW
873	0.007802527335302234	GW
874	0.008127287613284436	GW
875	0.008128478558164436	GW
876	0.007976916834576573	GW
877	0.007932260398035839	GW
878	0.007917969059475819	GW
879	0.007919599614881995	GW
880	0.007998233948636737	GW
881	0.007974694803189724	GW
882	0.00799646751361338	GW
883	0.00795978800989306	GW
884	0.007888435225035509	GW
885	0.00793539362214967	GW
886	0.007934354542724164	GW
887	0.007979082915532818	GW
888	0.00796428802309736	GW
889	0.007953010014871306	GW
890	0.007776894045166897	GW
891	0.007781521945069722	GW
892	0.007961210749414135	GW
893	0.007964016263862998	GW
894	0.007977572253906507	GW
895	0.007908785195938088	GW
896	0.007755457037326866	GW
897	0.007809888813386003	GW
898	0.007980185938307585	GW
899	0.00796957134233012	GW
900	0.007926385602822408	GW
901	0.007951675197455464	GW
902	0.007929982416218386	GW
903	0.007901639526658078	GW
904	0.008018024415233275	GW
905	0.007964312001853335	GW
906	0.007799002458174176	GW
907	0.0077692608078487645	GW
908	0.007898985877663712	GW
909	0.007937247979278262	GW
910	0.007765727937802049	GW
911	0.007776957988516158	GW
912	0.007796324830423836	GW
913	0.007803910110230021	GW
914	0.007781250185835358	GW
915	0.007796844370136589	GW
916	0.007789802608799129	GW
917	0.007782049477701131	GW
918	0.007787940258751879	GW
919	0.007770275908518296	GW
920	0.007950172528747811	GW
921	0.007935921154781079	GW
922	0.007825930601132066	GW
923	0.007814916359221715	GW
924	0.0077594614895743885	GW
925	0.007747711899147526	GW
926	0.007843043439978265	GW
927	0.007844761917489677	GW
928	0.007993733935432436	GW
929	0.007947215148844451	GW
930	0.007849997279210489	GW
931	0.007829319598642944	GW
932	0.00798924990806545	GW
933	0.007960307549605812	GW
934	0.00796193011209333	GW
935	0.007936584567029671	GW
936	0.007802127689369348	GW
937	0.0078057085169280106	GW
938	0.007818017611660915	GW
939	0.007778908260668644	GW
940	0.007928919358036909	GW
941	0.00791402855057756	GW
942	0.007802063746020086	GW
943	0.007778037032534952	GW
944	0.007973791603381401	GW
945	0.00793782346942162	GW
946	0.007764800759237752	GW
947	0.007783192465069187	GW
948	0.0077530671546482055	GW
949	0.0077962608870745746	GW
950	0.007968060680703808	GW
951	0.007906275419479561	GW
952	0.00791511558751501	GW
953	0.007985812953042626	GW
954	0.007806867490133381	GW
955	0.00783292440495758	GW
956	0.007939110329325514	GW
957	0.007969907044913745	GW
958	0.008099799966020504	GW
959	0.008149124267057353	GW
960	0.007786549490905434	GW
961	0.007792704038271885	GW
962	0.007809904799223319	GW
963	0.0077954136376968556	GW
964	0.007746449017999605	GW
965	0.00773738504824174	GW
966	0.007946671630375726	GW
967	0.008000543902128822	GW
968	0.007754449929575993	GW
969	0.007784551261241001	GW
970	0.007770907349092257	GW
971	0.007769924220097356	GW
972	0.008098345254824798	GW
973	0.008095259988222914	GW
974	0.007806547773387072	GW
975	0.007792216470233764	GW
976	0.008151106510884468	GW
977	0.008092582360472575	GW
978	0.007748774957329004	GW
979	0.007782896727078851	GW
980	0.007940093458320413	GW
981	0.008008944459638095	GW
982	0.007955615706353725	GW
983	0.00792740070349194	GW
984	0.007795053956357257	GW
985	0.00776691888268205	GW
986	0.007939062371813566	GW
987	0.00792919911018993	GW
988	0.007822693469075685	GW
989	0.0078120788730982205	GW
990	0.008000240171219827	GW
991	0.00793834300913437	GW
992	0.007768149792155341	GW
993	0.00774425096536873	GW
994	0.007964791576972798	GW
995	0.007961626381184337	GW
996	0.007930973538131944	GW
997	0.00793693625545061	GW
998	0.007937160057173027	GW
999	0.007900264744648949	GW
1000	0.007845936876532362	GW
1001	0.007773760821053066	GW
1002	0.00788407109144839	GW
1003	0.007968812015057636	GW
1004	0.005790078268577797	KE
1005	0.006099795873646152	KE
1006	0.007030147626649874	KE
1007	0.0073104273123018116	KE
1008	0.006741075730474434	KE
1009	0.006424188477370097	KE
1010	0.00625605743340476	KE
1011	0.006480011021275679	KE
1012	0.00709169310031439	KE
1013	0.006285119685644264	KE
1014	0.006628007903142196	KE
1015	0.006085144853746533	KE
1016	0.005936204807478405	KE
1017	0.006093721255466277	KE
1018	0.006130624560909013	KE
1019	0.006039145606871302	KE
1020	0.006180772132567607	KE
1021	0.006087119104654992	KE
1022	0.006369381034134047	KE
1023	0.006894875471286463	KE
1024	0.006586548634064553	KE
1025	0.006671049770114068	KE
1026	0.006516738482507945	KE
1027	0.006474272105679429	KE
1028	0.0063863739792003795	KE
1029	0.006434555292869172	KE
1030	0.006851889554745194	KE
1031	0.005758178530214799	KE
1032	0.006460164604248537	KE
1033	0.006666134125139564	KE
1034	0.006418225760051431	KE
1035	0.006283545080668691	KE
1036	0.00672507390732166	KE
1037	0.006422462006940028	KE
1038	0.00604696268131856	KE
1039	0.006636104729742475	KE
1040	0.007168337197323357	KE
1041	0.007188119671001237	KE
1042	0.006513669201743377	KE
1043	0.006226963209490626	KE
1044	0.006269605430529611	KE
1045	0.006107732841873277	KE
1046	0.007269119908678666	KE
1047	0.0068066656209797615	KE
1048	0.006708296771059086	KE
1049	0.007161455294359052	KE
1050	0.006700231916133437	KE
1051	0.006485670007685351	KE
1052	0.0068585076913937944	KE
1053	0.0067339300611944245	KE
1054	0.00697553201346161	KE
1055	0.00690699273597158	KE
1056	0.00624898370039267	KE
1057	0.006301289360088851	KE
1058	0.006591807974541339	KE
1059	0.006663528433657144	KE
1060	0.006772008325679847	KE
1061	0.006814218929111316	KE
1062	0.006438040205403942	KE
1063	0.006394838480058915	KE
1064	0.0064877561594550185	KE
1065	0.006933361374623429	KE
1066	0.006443523347603145	KE
1067	0.0064791797577352745	KE
1068	0.006853448173883452	KE
1069	0.007030067697463297	KE
1070	0.0070224504459824805	KE
1071	0.00641295043373733	KE
1072	0.006802125643182172	KE
1073	0.007470205756269822	KE
1074	0.0066797140939390464	KE
1075	0.006657821489735526	KE
1076	0.006288988258274605	KE
1077	0.006526897482121919	KE
1078	0.006701358917664177	KE
1079	0.00573364026993557	KE
1080	0.0065208228639420445	KE
1081	0.006209234915907782	KE
1082	0.006642395156726108	KE
1083	0.0061466663486550764	KE
1084	0.006003161487074204	KE
1085	0.006140815532197618	KE
1086	0.007128716299536993	KE
1087	0.0060964228619725894	KE
1088	0.007108118548156024	KE
1089	0.0071091176629882406	KE
1090	0.0067288545578467664	KE
1091	0.006747102391142363	KE
1092	0.0067280552659809935	KE
1093	0.006876843446794625	KE
1094	0.006600895923055177	KE
1095	0.006560523690914986	KE
1096	0.0070376769560254555	KE
1097	0.006544441938575635	KE
1098	0.006880192479712214	KE
1099	0.00647831652252024	KE
1100	0.007856103869064993	CMgam
1101	0.00786093958485292	CMgam
1102	0.00788473450369698	CMgam
1103	0.007913221265793129	CMgam
1104	0.008015362773320251	CMgam
1105	0.008048261626515466	CMgam
1106	0.007879011573938046	CMgam
1107	0.007866702479205144	CMgam
1108	0.007894957446660217	CMgam
1109	0.007888411246279536	CMgam
1110	0.007872817061978307	CMgam
1111	0.007871666081691594	CMgam
1112	0.007862929821598695	CMgam
1113	0.007871738017959512	CMgam
1114	0.007843874703518668	CMgam
1115	0.007872984913270119	CMgam
1116	0.007863273517100977	CMgam
1117	0.007857862311169694	CMgam
1118	0.008046687021539893	CMgam
1119	0.008043617740775324	CMgam
1120	0.008042163029579618	CMgam
1121	0.008072783900957378	CMgam
1122	0.007854473313658817	CMgam
1123	0.007873384559203006	CMgam
1124	0.007850484847248611	CMgam
1125	0.007848254822943103	CMgam
1126	0.007901695477088683	CMgam
1127	0.007906922845890837	CMgam
1128	0.008060714593784208	CMgam
1129	0.008022612350542812	CMgam
1130	0.008184413002931228	CMgam
1131	0.008191838424364257	CMgam
1132	0.008198448568094199	CMgam
1133	0.008220700853637318	CMgam
1134	0.007987563402228668	CMgam
1135	0.008024506672264694	CMgam
1136	0.00815867580485334	CMgam
1137	0.00816574154494677	CMgam
1138	0.00809185500487472	CMgam
1139	0.008104755575588296	CMgam
1140	0.007897643067329213	CMgam
1141	0.007888906807236315	CMgam
1142	0.008063927747084615	CMgam
1143	0.008089161391287066	CMgam
1144	0.008144648232609023	CMgam
1145	0.008149923558923125	CMgam
1146	0.00803620830517961	CMgam
1147	0.008037679002212632	CMgam
1148	0.008072983723923823	CMgam
1149	0.008059787415219911	CMgam
1150	0.008015554603368037	CMgam
1151	0.008066493473973747	CMgam
1152	0.008199119973261448	CMgam
1153	0.008180120805612026	CMgam
1154	0.007962913241088231	CMgam
1155	0.007973032276108917	CMgam
1156	0.008214490355840263	CMgam
1157	0.008220029448470069	CMgam
1158	0.00803867012412619	CMgam
1159	0.008027927641450203	CMgam
1160	0.008034138139247258	CMgam
1161	0.008022356577145765	CMgam
1162	0.008046247411013717	CMgam
1163	0.008054751876465541	CMgam
1164	0.008202077353164808	CMgam
1165	0.00821819107717879	CMgam
1166	0.008032067973314906	CMgam
1167	0.008038278471111961	CMgam
1168	0.008110078859414345	CMgam
1169	0.008124122417495975	CMgam
1170	0.008204139526178503	CMgam
1171	0.008200846443691519	CMgam
1172	0.008034521799342829	CMgam
1173	0.008015962242219581	CMgam
1174	0.008066733261533478	CMgam
1175	0.008004236630548693	CMgam
1176	0.00819158265096721	CMgam
1177	0.00818165544599431	CMgam
1178	0.008177515114129607	CMgam
1179	0.00817152042513631	CMgam
1180	0.008200862429528834	CMgam
1181	0.0082037238944083	CMgam
1182	0.008194851754698222	CMgam
1183	0.00823234653612163	CMgam
1184	0.008086571685641962	CMgam
1185	0.008057885100579372	CMgam
1186	0.008036360170634107	CMgam
1187	0.00804222697292888	CMgam
1188	0.008179793095947059	CMgam
1189	0.008203755866082933	CMgam
1190	0.008216744358901741	CMgam
1191	0.008215697286557579	CMgam
1192	0.007898138628285993	CMgam
1193	0.007922932661962269	CMgam
1194	0.008034505813505514	CMgam
1195	0.008014155842602934	CMgam
1196	0.007936648510378933	CMgam
1197	0.007915259460050849	CMgam
1198	0.008213770993161068	CMgam
1199	0.008213675078137174	CMgam
1200	0.008086715558177802	CMgam
1201	0.00806682917655737	CMgam
1202	0.008210230130195693	CMgam
1203	0.0082103420310569	CMgam
1204	0.007882784231544494	CMgam
1205	0.007862218451838158	CMgam
1206	0.008037199427093168	CMgam
1207	0.008053369101537755	CMgam
1208	0.008090999762578344	CMgam
1209	0.008104587724296484	CMgam
1210	0.00815711718571508	CMgam
1211	0.008171032857098188	CMgam
1212	0.008052122206227148	CMgam
1213	0.008062648880099377	CMgam
1214	0.008112828423432602	CMgam
1215	0.008058604463258567	CMgam
1216	0.008180664324080753	CMgam
1217	0.008185907678720222	CMgam
1218	0.007902414839767878	CMgam
1219	0.007896611980822367	CMgam
1220	0.007958900795922052	CMgam
1221	0.007945200933342703	CMgam
1222	0.008211748784740661	CMgam
1223	0.00821629675545691	CMgam
1224	0.008206081805412331	CMgam
1225	0.008233169806743375	CMgam
1226	0.00805246590172943	CMgam
1227	0.008032387690061215	CMgam
1228	0.007941564155353437	CMgam
1229	0.007928375839568184	CMgam
1230	0.008013140741933402	CMgam
1231	0.00801723311628616	CMgam
1232	0.007899457459864518	CMgam
1233	0.007897595109817267	CMgam
1234	0.008191534693455264	CMgam
1235	0.00819246187201956	CMgam
1236	0.007856447564567276	CMgam
1237	0.007871809954227432	CMgam
1238	0.00790300631574855	CMgam
1239	0.007892687457761421	CMgam
1240	0.007876789542551197	CMgam
1241	0.007885413901782887	CMgam
1242	0.008042490739244585	CMgam
1243	0.008092502431285998	CMgam
1244	0.008205690152398103	CMgam
1245	0.008190008045991638	CMgam
1246	0.007985629115913499	CMgam
1247	0.008007585663466281	CMgam
1248	0.007853682014711701	CMgam
1249	0.007863145630402454	CMgam
1250	0.007896588002066393	CMgam
1251	0.007911199057372722	CMgam
1252	0.008024874346522949	CMgam
1253	0.008046631071109289	CMgam
1254	0.00786611899614313	CMgam
1255	0.007863801049732387	CMgam
1256	0.008077379829185573	CMgam
1257	0.008084629406408134	CMgam
1258	0.008213802964835698	CMgam
1259	0.008198216773453126	CMgam
1260	0.00823688651391922	CMgam
1261	0.008197665262065742	CMgam
1262	0.00816652485097523	CMgam
1263	0.00817877000235887	CMgam
1264	0.008161281496335758	CMgam
1265	0.008150698872032925	CMgam
1266	0.008196218543788693	CMgam
1267	0.008226311882535045	CMgam
1268	0.008074957974832282	CMgam
1269	0.00807975372602692	CMgam
1270	0.008163719336526366	CMgam
1271	0.008194052462832448	CMgam
1272	0.008029949849870608	CMgam
1273	0.008049428592639494	CMgam
1274	0.008006970208729636	CMgam
1275	0.008048005853118418	CMgam
1276	0.008065238585744483	CMgam
1277	0.008070074301532408	CMgam
1278	0.007965462982140048	CMgam
1279	0.007982072267110809	CMgam
1280	0.008072807879713352	CMgam
1281	0.008098872787456208	CMgam
1282	0.008039525366422566	CMgam
1283	0.007996523464043984	CMgam
1284	0.008080041471098597	CMgam
1285	0.00806228919875978	CMgam
1286	0.008071185317225834	CMgam
1287	0.008054152407566212	CMgam
1288	0.00802884682709584	CMgam
1289	0.00803514524699813	CMgam
1290	0.008224737277559471	CMgam
1291	0.008230476193155721	CMgam
1292	0.007854481306577475	CMgam
1293	0.007868844581405415	CMgam
1294	0.007919080075169244	CMgam
1295	0.007877732706952809	CMgam
1296	0.008225968187032763	CMgam
1297	0.008244895418414265	CMgam
1298	0.008036544007763234	CMgam
1299	0.008035161232835448	CMgam
1300	0.008020957816380661	CMgam
1301	0.00803659196527518	CMgam
1302	0.008210294073544955	CMgam
1303	0.008237398060713315	CMgam
1304	0.007922373157656228	CMgam
1305	0.007904860672877143	CMgam
1306	0.00819756934704185	CMgam
1307	0.008187778021686132	CMgam
1308	0.007871154534897498	CMgam
1309	0.00786452840533024	CMgam
1310	0.008025793532168589	CMgam
1311	0.00803828646403062	CMgam
1312	0.008206265642541458	CMgam
1313	0.008179976933076188	CMgam
1314	0.00803677580240431	CMgam
1315	0.008031148787669267	CMgam
1316	0.008064127570051058	CMgam
1317	0.008066805197801397	CMgam
1318	0.008166460907625968	CMgam
1319	0.008179849046377663	CMgam
1320	0.007858030162461506	CMgam
1321	0.00785861364552352	CMgam
1322	0.007866270861597626	CMgam
1323	0.007869579929921926	CMgam
1324	0.007870547073079511	CMgam
1325	0.007859077234805669	CMgam
1326	0.007861043492795471	CMgam
1327	0.007861283280355203	CMgam
1328	0.00788590146982101	CMgam
1329	0.00791374080550588	CMgam
1330	0.007893031153263704	CMgam
1331	0.007896252299482768	CMgam
1332	0.008035864609677328	CMgam
1333	0.007966637941182733	CMgam
1334	0.007899217672304787	CMgam
1335	0.007903469905030698	CMgam
1336	0.007857254849351706	CMgam
1337	0.007864704249540711	CMgam
1338	0.00802064609255301	CMgam
1339	0.007977356445102748	CMgam
1340	0.007857638509447278	CMgam
1341	0.007850197102176932	CMgam
1342	0.007892871294890549	CMgam
1343	0.007906371334503453	CMgam
1344	0.008147749485048223	CMgam
1345	0.008152880938826485	CMgam
1346	0.007856935132605398	CMgam
1347	0.007844729945815046	CMgam
1348	0.007872329493940185	CMgam
1349	0.007881209626568922	CMgam
1350	0.007910016105411378	CMgam
1351	0.007891752286278466	CMgam
1352	0.007930438012581876	CMgam
1353	0.007874799305805423	CMgam
1354	0.007848710419306595	CMgam
1355	0.007841269012036248	CMgam
1356	0.007835921749454227	CMgam
1357	0.007843003475384976	CMgam
1358	0.007875502682647303	CMgam
1359	0.007857007068873318	CMgam
1360	0.00802145337733744	CMgam
1361	0.008037111504987933	CMgam
1362	0.007914412210673129	CMgam
1363	0.007876445847048915	CMgam
1364	0.007874743355374818	CMgam
1365	0.007872545302743943	CMgam
1366	0.008032395682979872	CMgam
1367	0.008092206693295662	CMgam
1368	0.00793320356243745	CMgam
1369	0.007883239827907985	CMgam
1370	0.007914699955744809	CMgam
1371	0.00790554007096305	CMgam
1372	0.007883623488003557	CMgam
1373	0.007896084448190956	CMgam
1374	0.007920103168757433	CMgam
1375	0.007879627028674691	CMgam
1376	0.007874039978532938	CMgam
1377	0.007860603882269297	CMgam
1378	0.008029949849870608	CMgam
1379	0.008044592876851567	CMgam
1380	0.007912709718999033	CMgam
1381	0.00787583039231227	CMgam
1382	0.007945832373916663	CMgam
1383	0.007934474436504031	CMgam
1384	0.007879443191545564	CMgam
1385	0.007854177575668482	CMgam
1386	0.007856559465428485	CMgam
1387	0.007845824975671154	CMgam
1388	0.007867973353271723	CMgam
1389	0.007864720235378026	CMgam
1390	0.007866294840353599	CMgam
1391	0.007877740699871467	CMgam
1392	0.007853825887247541	CMgam
1393	0.007857063019303922	CMgam
1394	0.008045783821731569	CMgam
1395	0.007952234701761506	CMgam
1396	0.007846832083422028	CMgam
1397	0.007844705967059072	CMgam
1398	0.007914372246079842	CMgam
1399	0.007946999340040692	CMgam
1400	0.007850301010119482	CMgam
1401	0.007865367661789302	CMgam
1402	0.007939589904444978	CMgam
1403	0.00794479329449116	CMgam
1404	0.007837856035769399	CMgam
1405	0.007852011494712237	CMgam
1406	0.007899409502352572	CMgam
1407	0.00789272742235471	CMgam
1408	0.007872497345231997	CMgam
1409	0.007859556809925132	CMgam
1410	0.007842627808208063	CMgam
1411	0.007858237978346607	CMgam
1412	0.007890937008575379	CMgam
1413	0.007885981399007586	CMgam
1414	0.007853066559975056	CMgam
1415	0.007867733565711991	CMgam
1416	0.008001375165669225	CMgam
1417	0.007996275683565594	CMgam
1418	0.007893470763789878	CMgam
1419	0.007932628072294095	CMgam
1420	0.007857198898921103	CMgam
1421	0.007910351807995004	CMgam
1422	0.0078848064399649	CMgam
1423	0.00789621233488948	CMgam
1424	0.007885102177955235	CMgam
1425	0.007899537389051095	CMgam
1426	0.007858661603035468	CMgam
1427	0.007873872127241126	CMgam
1428	0.008005843207198896	CMgam
1429	0.00800375705542923	CMgam
1430	0.007871034641117632	CMgam
1431	0.007865999102363262	CMgam
1432	0.007875766448963008	CMgam
1433	0.007867621664850782	CMgam
1434	0.007870115455471994	CMgam
1435	0.007922493051436094	CMgam
1436	0.007855856088586605	CMgam
1437	0.007869979575854813	CMgam
1438	0.007936848333345375	CMgam
1439	0.007927560561865095	CMgam
1440	0.007921501929522536	CMgam
1441	0.007895844660631224	CMgam
1442	0.007867885431166488	CMgam
1443	0.007884174999390939	CMgam
1444	0.007867230011836554	CMgam
1445	0.007866350790784203	CMgam
1446	0.00792384385468925	CMgam
1447	0.00793120533277302	CMgam
1448	0.007871418301213204	CMgam
1449	0.00786316161623977	CMgam
1450	0.007870922740256425	CMgam
1451	0.00787238544437079	CMgam
1452	0.007914332281486552	CMgam
1453	0.007858989312700435	CMgam
1454	0.008045152381157609	CMgam
1455	0.008000240171219827	CMgam
1456	0.007899305594410022	CMgam
1457	0.007865015973368363	CMgam
1458	0.008037926782691022	CMgam
1459	0.008016249987291259	CMgam
1460	0.007857630516528621	CMgam
1461	0.007841964395959472	CMgam
1462	0.007854529264089421	CMgam
1463	0.007869787745807027	CMgam
1464	0.007901399739098347	CMgam
1465	0.00789300717450773	CMgam
1466	0.007861595004182854	CMgam
1467	0.0078639689010242	CMgam
1468	0.007866598571262593	CMgam
1469	0.00785798220494956	CMgam
1470	0.007868908524754676	CMgam
1471	0.00786871669470689	CMgam
1472	0.007932731980236645	CMgam
1473	0.00795419296683265	CMgam
1474	0.00787259326025589	CMgam
1475	0.00787801245910583	CMgam
1476	0.007885469852213492	CMgam
1477	0.007902598676897006	CMgam
1478	0.007874743355374818	CMgam
1479	0.0078631935879144	CMgam
1480	0.00817503730934571	CMgam
1481	0.008063759895792803	CMgam
1482	0.007901839349624521	CMgam
1483	0.007885286015084364	CMgam
1484	0.007864256646095878	CMgam
1485	0.007858349879207817	CMgam
1486	0.007835426188497448	CMgam
1487	0.007850772592320289	CMgam
1488	0.008040116842403239	CMgam
1489	0.008023163861930195	CMgam
1490	0.007900616433069888	CMgam
1491	0.007912717711917691	CMgam
1492	0.007860723776049162	CMgam
1493	0.007858150056241372	CMgam
1494	0.007868388985041923	CMgam
1495	0.007871929848007298	CMgam
1496	0.00783943863366363	CMgam
1497	0.007864056823129436	CMgam
1498	0.00784242798524162	CMgam
1499	0.007831285856632744	CMgam
1500	0.007865367661789302	CMgam
1501	0.007866990224276822	CMgam
1502	0.00783154962294845	CMgam
1503	0.00786178683423064	CMgam
1504	0.007843626923040279	CMgam
1505	0.007851451990406195	CMgam
1506	0.008019495112266297	CMgam
1507	0.008049732323548487	CMgam
1508	0.007899185700630156	CMgam
1509	0.007889985851255108	CMgam
1510	0.007867174061405949	CMgam
1511	0.007879722943698585	CMgam
1512	0.008034018245467392	CMgam
1513	0.00805619859474259	CMgam
1514	0.007889714092020746	CMgam
1515	0.007864272631933194	CMgam
1516	0.007932867859853827	CMgam
1517	0.007918120924930315	CMgam
1518	0.008227167124831422	CMgam
1519	0.008203747873164274	CMgam
1520	0.007846232614522698	CMgam
1521	0.00784361893012162	CMgam
1522	0.00789367857967498	CMgam
1523	0.00788963416283417	CMgam
1524	0.007871698053366225	CMgam
1525	0.007884079084367047	CMgam
1526	0.008032723392644839	CMgam
1527	0.007983886659646113	CMgam
1528	0.007861898735091848	CMgam
1529	0.007859908498346073	CMgam
1530	0.008221172435838125	CMgam
1531	0.008218207063016106	CMgam
1532	0.008044896607760562	CMgam
1533	0.008029126579248862	CMgam
1534	0.008178378349344642	CMgam
1535	0.008177139446952694	CMgam
1536	0.008000887597631104	CMgam
1537	0.00800860875705447	CMgam
1538	0.007866550613750646	CMgam
1539	0.007850652698540423	CMgam
1540	0.008178897889057395	CMgam
1541	0.008177299305325849	CMgam
1542	0.007867293955185815	CMgam
1543	0.007882808210300468	CMgam
1544	0.008290399104332718	CMgam
1545	0.008290415090170034	CMgam
1546	0.007859325015284059	CMgam
1547	0.00782876808725556	CMgam
1548	0.00787738101853187	CMgam
1549	0.00785886941892057	CMgam
1550	0.007885541788481411	CMgam
1551	0.007885949427332955	CMgam
1552	0.00788575759728517	CMgam
1553	0.00788833131709296	CMgam
1554	0.008146158894235334	CMgam
1555	0.00813772636505143	CMgam
1556	0.008222203522344972	CMgam
1557	0.008208223907612602	CMgam
1558	0.007893302912498066	CMgam
1559	0.007880498256808383	CMgam
1560	0.007846592295862296	CMgam
1561	0.00783351588093825	CMgam
1562	0.008061681736941793	CMgam
1563	0.008094404745926537	CMgam
1564	0.007903565820054591	CMgam
1565	0.007901407732017003	CMgam
1566	0.007873040863700723	CMgam
1567	0.007870634995184747	CMgam
1568	0.00788674072628007	CMgam
1569	0.007921653794977033	CMgam
1570	0.008209582703784416	CMgam
1571	0.008208327815555153	CMgam
1572	0.007848958199784983	CMgam
1573	0.007868149197482192	CMgam
1574	0.008036655908624441	CMgam
1575	0.008036863724509543	CMgam
1576	0.007873112799968641	CMgam
1577	0.007859205121504193	CMgam
1578	0.00802054218461046	CMgam
1579	0.007982695714766112	CMgam
1580	0.007917137795935416	CMgam
1581	0.00789656402331042	CMgam
1582	0.007855848095667946	CMgam
1583	0.007855144718826066	CMgam
1584	0.008029853934846714	CMgam
1585	0.008023163861930195	CMgam
1586	0.008191878388957546	CMgam
1587	0.008208415737660388	CMgam
1588	0.008027392115900134	CMgam
1589	0.008054943706513327	CMgam
1590	0.007891352640345581	CMgam
1591	0.007903669727997142	CMgam
1592	0.00820319636177689	CMgam
1593	0.008202836680437293	CMgam
1594	0.007864928051263128	CMgam
1595	0.007851132273659887	CMgam
1596	0.008082119629949607	CMgam
1597	0.008070338067848114	CMgam
1598	0.008198584447711382	CMgam
1599	0.008188936994891502	CMgam
1600	0.008026672753220939	CMgam
1601	0.008081288366409202	CMgam
1602	0.008226551670094777	CMgam
1603	0.008222978835454772	CMgam
1604	0.007885349958433626	CMgam
1605	0.00788603734943819	CMgam
1606	0.008031180759343897	CMgam
1607	0.008057629327182325	CMgam
1608	0.008021948938294221	CMgam
1609	0.008046527163166738	CMgam
1610	0.008090456244109619	CMgam
1611	0.008076940218659399	CMgam
1612	0.008184013356998341	CMgam
1613	0.008203428156417966	CMgam
1614	0.007898010741587469	CMgam
1615	0.007900136857950425	CMgam
1616	0.007893870409722765	CMgam
1617	0.007901655512495394	CMgam
1618	0.007875430746379383	CMgam
1619	0.007854025710213984	CMgam
1620	0.007864160731071984	CMgam
1621	0.007885621717667988	CMgam
1622	0.008024738466905768	CMgam
1623	0.008017001321645087	CMgam
1624	0.008011622087388435	CMgam
1625	0.008049332677615602	CMgam
1626	0.007858062134136137	CMgam
1627	0.007848942213947668	CMgam
1628	0.007885357951352284	CMgam
1629	0.007874615468676295	CMgam
1630	0.008110878151280117	CMgam
1631	0.00804751029216164	CMgam
1632	0.007889682120346115	CMgam
1633	0.007865791286478163	CMgam
1634	0.007867869445329172	CMgam
1635	0.007880258469248651	CMgam
1636	0.00810773693424763	CMgam
1637	0.00809991985980037	CMgam
1638	0.00786118736533131	CMgam
1639	0.007871921855088641	CMgam
1640	0.008220461066077586	CMgam
1641	0.008213930851534221	CMgam
1642	0.007852203324760023	CMgam
1643	0.007855544364758953	CMgam
1644	0.00788670875460544	CMgam
1645	0.007891288696996318	CMgam
1646	0.007912965492396081	CMgam
1647	0.007897778946946396	CMgam
1648	0.007839798315003227	CMgam
1649	0.007853985745620696	CMgam
1650	0.007868772645137495	CMgam
1651	0.007863409396718158	CMgam
1652	0.008196961885223862	CMgam
1653	0.008210765655745762	CMgam
1654	0.007871314393270653	CMgam
1655	0.007882568422740736	CMgam
1656	0.008005707327581714	CMgam
1657	0.007990608704237264	CMgam
1658	0.00789899387058237	CMgam
1659	0.007910463708856211	CMgam
1660	0.007940684934301086	CMgam
1661	0.007971249855248243	CMgam
1662	0.008062936625171057	CMgam
1663	0.00808773865176599	CMgam
1664	0.007912813626941583	CMgam
1665	0.007902294945988013	CMgam
1666	0.00786611899614313	CMgam
1667	0.00787220160724166	CMgam
1668	0.007909848254119566	CMgam
1669	0.007884254928577517	CMgam
1670	0.007985988797253096	CMgam
1671	0.008010511071695009	CMgam
1672	0.007895940575655118	CMgam
1673	0.00787160213834233	CMgam
1674	0.007866934273846217	CMgam
1675	0.007859876526671443	CMgam
1676	0.00801733702422871	CMgam
1677	0.008003141600692583	CMgam
1678	0.007859476880738556	CMgam
1679	0.007850668684377738	CMgam
1680	0.0078764298612116	CMgam
1681	0.007875790427718982	CMgam
1682	0.00791388467804172	CMgam
1683	0.007896084448190956	CMgam
1684	0.007855144718826066	CMgam
1685	0.007866414734133464	CMgam
1686	0.0078764298612116	CMgam
1687	0.007868988453941253	CMgam
1688	0.007882776238625837	CMgam
1689	0.007865639421023665	CMgam
1690	0.007924355401483346	CMgam
1691	0.007907562279383456	CMgam
1692	0.008019247331787908	CMgam
1693	0.007991447960696325	CMgam
1694	0.0078097529337688215	FRgam
1695	0.007813365733002115	FRgam
1696	0.007787093009374159	FRgam
1697	0.007806667667166938	FRgam
1698	0.007927336760142678	FRgam
1699	0.007954952294105132	FRgam
1700	0.007980521640891209	FRgam
1701	0.007911590710386952	FRgam
1702	0.007934906054111547	FRgam
1703	0.007970314683765288	FRgam
1704	0.008064639116845154	FRgam
1705	0.008086555699804647	FRgam
1706	0.007805636580660091	FRgam
1707	0.007811423453768287	FRgam
1708	0.008092942041812172	FRgam
1709	0.008089720895593108	FRgam
1710	0.007820007848406689	FRgam
1711	0.007808681882668686	FRgam
1712	0.00796333686577709	FRgam
1713	0.007975957684337646	FRgam
1714	0.008000416015430297	FRgam
1715	0.007895948568573775	FRgam
1716	0.007780994412438311	FRgam
1717	0.007801000687838608	FRgam
1718	0.007821982099315148	FRgam
1719	0.007799322174920485	FRgam
1720	0.007809329309079962	FRgam
1721	0.007806755589272173	FRgam
1722	0.008070553876651872	FRgam
1723	0.00808284698554746	FRgam
1724	0.007784727105451471	FRgam
1725	0.007801320404584917	FRgam
1726	0.007955287996688758	FRgam
1727	0.007959660123194535	FRgam
1728	0.007796924299323166	FRgam
1729	0.007814396819508962	FRgam
1730	0.007816562900465207	FRgam
1731	0.00779296780458759	FRgam
1732	0.007814532699126143	FRgam
1733	0.00781824141338333	FRgam
1734	0.007962465637643398	FRgam
1735	0.007946631665782437	FRgam
1736	0.007814772486685875	FRgam
1737	0.007796956270997797	FRgam
1738	0.00798305539610571	FRgam
1739	0.007884135034797651	FRgam
1740	0.00778870757894302	FRgam
1741	0.00780426979156962	FRgam
1742	0.007872537309825286	GQgam
1743	0.007847039899307129	GQgam
1744	0.007823548711372063	GQgam
1745	0.007837192623520806	GQgam
1746	0.007824108215678104	GQgam
1747	0.007816778709268966	GQgam
1748	0.007850109180071696	GQgam
1749	0.007844154455671689	GQgam
1750	0.00782345279634817	GQgam
1751	0.007828024745820391	GQgam
1752	0.007869500000735349	GQgam
1753	0.007863769078057756	GQgam
1754	0.00785185962925774	GQgam
1755	0.007853626064281099	GQgam
1756	0.007876581726666096	GQgam
1757	0.007862642076527017	GQgam
1758	0.007820407494339574	GQgam
1759	0.007797587711571757	GQgam
1760	0.007231808964384386	AOcol
1761	0.007218125087642353	AOcol
1762	0.007220275182761283	AOcol
1763	0.0072189643441014145	AOcol
1764	0.0072330878313696225	AOcol
1765	0.007230162423140894	AOcol
1766	0.007210483857405564	AOcol
1767	0.007229115350796731	AOcol
1768	0.007222665065439943	AOcol
1769	0.0072157192191263765	AOcol
1770	0.007220155288981417	AOcol
1771	0.007234966167254189	AOcol
1772	0.00721644657472423	AOcol
1773	0.0071865530589443226	AOcol
1774	0.007221346233861418	AOcol
1775	0.007226453708883707	AOcol
1776	0.007381404429982448	AOcol
1777	0.007397678012369585	AOcol
1778	0.007236117147540902	AOcol
1779	0.007243430668112724	AOcol
1780	0.00721619879424584	AOcol
1781	0.007231025658355928	AOcol
1782	0.007223903967831891	AOcol
1783	0.007223935939506522	AOcol
1784	0.007346779106357165	AOcol
1785	0.007346395446261594	AOcol
1786	0.007228403981036193	AOcol
1787	0.007226397758453103	AOcol
1788	0.007224775195965584	AOcol
1789	0.0072133133506104	AOcol
1790	0.007231641113092573	AOcol
1791	0.0072456127349062845	AOcol
1792	0.007221649964770412	AOcol
1793	0.007213697010705971	AOcol
1794	0.007210411921137644	AOcol
1795	0.007231241467159687	AOcol
1796	0.007202946535111325	AOcol
1797	0.007193874572434802	AOcol
1798	0.007495847039323817	AOcol
1799	0.007480532607175607	AOcol
1800	0.007212202334916975	AOcol
1801	0.007222609115009339	AOcol
1802	0.007224919068501423	AOcol
1803	0.007233143781800226	AOcol
1804	0.007231545198068681	AOcol
1805	0.007252086999019045	AOcol
1806	0.007216806256063827	AOcol
1807	0.007241808105625205	AOcol
1808	0.007215287601518859	AOcol
1809	0.0072224412637175266	AOcol
1810	0.007251607423899581	AOcol
1811	0.00722961091175351	AOcol
1812	0.007218013186781145	AOcol
1813	0.007237555872899293	AOcol
1814	0.007232248574910561	AOcol
1815	0.007233279661417408	AOcol
1816	0.0072400656493578205	AOcol
1817	0.0072542131153820015	AOcol
1818	0.007214064684964227	AOcol
1819	0.007209244955013616	AOcol
1820	0.0074107304485376575	AOcol
1821	0.007408292608347049	AOcol
1822	0.007214680139700872	AOcol
1823	0.007226421737209076	AOcol
1824	0.007223160626396723	AOcol
1825	0.00721655048266678	AOcol
1826	0.007220451026971752	AOcol
1827	0.007221721901038331	AOcol
1828	0.007229682848021429	AOcol
1829	0.007218260967259534	AOcol
1830	0.007226038077113505	AOcol
1831	0.007220219232330678	AOcol
1832	0.00743983266537045	AOcol
1833	0.007369255193622699	AOcol
1834	0.007206687221043143	AOcol
1835	0.0072176215337669165	AOcol
1836	0.007220818701230008	AOcol
1837	0.007235589614909492	AOcol
1838	0.00722176186563162	AOcol
1839	0.00721451228840906	AOcol
1840	0.007219915501421684	AOcol
1841	0.0072275167670651855	AOcol
1842	0.007222912845918333	AOcol
1843	0.007228859577399683	AOcol
1844	0.007226957262759144	AOcol
1845	0.007235237926488552	AOcol
1846	0.007213936798265703	AOcol
1847	0.007220323140273229	AOcol
1848	0.007205720077885557	AOcol
1849	0.007229778763045322	AOcol
1850	0.007228851584481026	AOcol
1851	0.007231896886489621	AOcol
1852	0.007217389739125842	AOcol
1853	0.00720972453013308	AOcol
1854	0.007227804512136863	AOcol
1855	0.0072211943684069215	AOcol
1856	0.007221226340081552	AOcol
1857	0.0072193160325223545	AOcol
1858	0.0072125700091752315	AOcol
1859	0.007220554934914303	AOcol
1860	0.007205959865445289	AOcol
1861	0.00720504067979965	AOcol
1862	0.00722838000228022	AOcol
1863	0.00723021038065284	AOcol
1864	0.007230785870796196	AOcol
1865	0.007238219285147885	AOcol
1866	0.00720303445721656	AOcol
1867	0.007211363078457914	AOcol
1868	0.0072118426535773775	AOcol
1869	0.007221370212617391	AOcol
1870	0.007209980303530127	AOcol
1871	0.007206647256449854	AOcol
1872	0.007198718281141386	AOcol
1873	0.007195481149085006	AOcol
1874	0.007234086946201839	AOcol
1875	0.007222161511564506	AOcol
1876	0.007226605574338204	AOcol
1877	0.007208445663147843	AOcol
1878	0.007204281352527166	AOcol
1879	0.007213728982380602	AOcol
1880	0.007218900400752153	AOcol
1881	0.007210467871568248	AOcol
1882	0.007215599325346511	AOcol
1883	0.007205935886689316	AOcol
1884	0.007222920838836991	AOcol
1885	0.007229850699313242	AOcol
1886	0.0073061511008199265	AOcol
1887	0.00730691042809241	AOcol
1888	0.007216126857977921	AOcol
1889	0.00720539236822059	AOcol
1890	0.007234302755005597	AOcol
1891	0.007237563865817951	AOcol
1892	0.007209364848793482	AOcol
1893	0.0072089971745352265	AOcol
1894	0.0072125380375006	AOcol
1895	0.007221282290512156	AOcol
1896	0.0072256144524246455	AOcol
1897	0.007219851558072423	AOcol
1898	0.0072233124918512194	AOcol
1899	0.00721912420247457	AOcol
1900	0.007207526477502204	AOcol
1901	0.007228923520748946	AOcol
1902	0.007234662436345195	AOcol
1903	0.007221362219698733	AOcol
1904	0.007219523848407456	AOcol
1905	0.007219491876732825	AOcol
1906	0.007219355997115644	AOcol
1907	0.007223816045726656	AOcol
1908	0.00721278581797899	AOcol
1909	0.007208917245348649	AOcol
1910	0.007215327566112148	AOcol
1911	0.007231577169743312	AOcol
1912	0.007227492788309212	AOcol
1913	0.007239705968018222	AOcol
1914	0.007217261852427318	AOcol
1915	0.007210475864486906	AOcol
1916	0.007790985560760473	GAgam
1917	0.007802383462766395	GAgam
1918	0.007785494425642613	GAgam
1919	0.007790897638655238	GAgam
1920	0.00780708329893714	GAgam
1921	0.00780201578850814	GAgam
1922	0.00783739244648725	GAgam
1923	0.007814284918647755	GAgam
1924	0.007891752286278466	GAgam
1925	0.008014571474373136	GAgam
1926	0.007778196890908106	GAgam
1927	0.00776248281282701	GAgam
1928	0.007792656080759939	GAgam
1929	0.00777476792880394	GAgam
1930	0.007795013991763969	GAgam
1931	0.007819648167067091	GAgam
1932	0.007780770610715895	GAgam
1933	0.007773217302584341	GAgam
1934	0.007815915474053931	GAgam
1935	0.007803718280182236	GAgam
1936	0.007785182701814962	GAgam
1937	0.007798139222959141	GAgam
1938	0.0077884597984646305	GAgam
1939	0.007814564670800776	GAgam
1940	0.007802615257407469	GAgam
1941	0.007776934009760185	GAgam
1942	0.007816770716350308	GAgam
1943	0.00778547044688664	GAgam
1944	0.00782345279634817	GAgam
1945	0.007800728928604245	GAgam
1946	0.007809952756735265	GAgam
1947	0.007802343498173107	GAgam
1948	0.0077786125226783085	GAgam
1949	0.007823932371467633	GAgam
1950	0.0078102484947256	GAgam
1951	0.007777757280381931	GAgam
1952	0.007801528220470018	GAgam
1953	0.007824308038644546	GAgam
1954	0.007984901760315645	GAgam
1955	0.0078532663829415	GAgam
1956	0.007776934009760185	GAgam
1957	0.0077897066937752365	GAgam
1958	0.007743411708909668	GAgam
1959	0.007791784852626246	GAgam
1960	0.00777937984286945	GAgam
1961	0.007805204963052574	GAgam
1962	0.007946695609131698	GAgam
1963	0.007936120977747523	GAgam
1964	0.007797723591188939	GAgam
1965	0.007777293691099783	GAgam
1966	0.007804869260468949	GAgam
1967	0.007809784905443452	GAgam
1968	0.007964439888551857	GAgam
1969	0.007871913862169982	GAgam
1970	0.007757910863354789	GAgam
1971	0.007790338134349197	GAgam
1972	0.0077962848658305476	GAgam
1973	0.007793878997314571	GAgam
1974	0.007802311526498476	GAgam
1975	0.007807794668697678	GAgam
1976	0.007845864940264444	GAgam
1977	0.007833068277493417	GAgam
1978	0.007778021046697636	GAgam
1979	0.00775333092096391	GAgam
1980	0.007797715598270282	GAgam
1981	0.007791329256262755	GAgam
1982	0.007785454461049324	GAgam
1983	0.007815659700656884	GAgam
1984	0.007754673731298409	GAgam
1985	0.007824348003237835	GAgam
1986	0.007802703179512704	GAgam
1987	0.007820103763430581	GAgam
1988	0.007802407441522368	GAgam
1989	0.007800696956929614	GAgam
1990	0.007829071818164553	GAgam
1991	0.00780254332113955	GAgam
1992	0.007811383489174998	GAgam
1993	0.007806571752143046	GAgam
1994	0.007833707710986036	GAgam
1995	0.00782377251309448	GAgam
1996	0.007805276899320493	GAgam
1997	0.0077840397144469066	GAgam
1998	0.00780968899041956	GAgam
1999	0.007798866578556995	GAgam
2000	0.0078108799352995615	GAgam
2001	0.007803310641330692	GAgam
2002	0.007781745746792138	GAgam
2003	0.0077708593915803105	GAgam
2004	0.007827369326490457	GAgam
2005	0.00782570679940965	GAgam
2006	0.007814612628312722	GAgam
2007	0.007826450140844819	GAgam
2008	0.007817506064866819	GAgam
2009	0.007822789384099579	GAgam
2010	0.007795541524395379	GAgam
2011	0.007812374611088557	GAgam
2012	0.007944641429036663	GAgam
2013	0.007974750753620329	GAgam
2014	0.007795205821811754	GAgam
2015	0.007803190747550826	GAgam
2016	0.007817729866589235	GAgam
2017	0.007821222772042663	GAgam
2018	0.00776952457416447	GAgam
2019	0.007785742206121003	GAgam
2020	0.007734443654175696	GAgam
2021	0.007816786702187623	GAgam
2022	0.00782366860515193	GAgam
2023	0.007834419080746575	GAgam
2024	0.0078076587890804966	GAgam
2025	0.007795765326117796	GAgam
2026	0.007792664073678597	GAgam
2027	0.007804109933196465	GAgam
2028	0.007806076191186266	GAgam
2029	0.00779244027195618	GAgam
2030	0.007776550349664614	GAgam
2031	0.007799945622575788	GAgam
2032	0.007831629552135027	GAgam
2033	0.007837696177396243	GAgam
2034	0.007815419913097152	GAgam
2035	0.007806915447645328	GAgam
2036	0.0077770858752146815	GAgam
2037	0.007785878085738184	GAgam
2038	0.0077908097165500035	GAgam
2039	0.007785910057412815	GAgam
2040	0.007905532078044392	GAgam
2041	0.00796992303075106	GAgam
2042	0.0077585183251727766	GAgam
2043	0.007776814115980319	GAgam
2044	0.0077848629850686525	GAgam
2045	0.007746848663932492	GAgam
2046	0.007793495337219	GAgam
2047	0.007792624109085307	GAgam
2048	0.00782011175634924	GAgam
2049	0.00778807613836906	GAgam
2050	0.007770467738566082	GAgam
2051	0.007773944658182194	GAgam
2052	0.007851020372798678	GAgam
2053	0.00784524149260914	GAgam
2054	0.008203300269719441	GNgam
2055	0.008186283345897136	GNgam
2056	0.008147853392990774	GNgam
2057	0.008148285010598291	GNgam
2058	0.008022260662121871	GNgam
2059	0.008001055448922916	GNgam
2060	0.007903373990006806	GNgam
2061	0.007899681261586935	GNgam
2062	0.008015986220975555	GNgam
2063	0.007990177086629746	GNgam
2064	0.007927640491051671	GNgam
2065	0.007941859893343773	GNgam
2066	0.007886476959964365	GNgam
2067	0.00787470339078153	GNgam
2068	0.008073455306124628	GNgam
2069	0.008060482799143134	GNgam
2070	0.00811347584984388	GNgam
2071	0.008054392195125944	GNgam
2072	0.008008736643752994	GNgam
2073	0.008075613394162216	GNgam
2074	0.008189664350489356	GNgam
2075	0.008185196308959685	GNgam
2076	0.008049436585558152	GNgam
2077	0.008040356629962971	GNgam
2078	0.008006514612366145	GNgam
2079	0.008038126605657465	GNgam
2080	0.007852954659113849	GNgam
2081	0.007846072756149543	GNgam
2082	0.008034609721448064	GNgam
2083	0.008002606075142516	GNgam
2084	0.008008968438394068	GNgam
2085	0.00801867184164455	GNgam
2086	0.008059163967564608	GNgam
2087	0.00806894730000167	GNgam
2088	0.008170841027050403	GNgam
2089	0.008175492905709202	GNgam
2090	0.00799723483380452	GNgam
2091	0.007985956825578466	GNgam
2092	0.007906227461967615	GNgam
2093	0.007922668895646565	GNgam
2094	0.007884902354988793	GNgam
2095	0.007888451210872826	GNgam
2096	0.008008472877437289	GNgam
2097	0.008000647810071372	GNgam
2098	0.00790454894904949	GNgam
2099	0.00792634563822912	GNgam
2100	0.007896172370296191	GNgam
2101	0.007901687484170025	GNgam
2102	0.007907314498905067	GNgam
2103	0.00788945032570504	GNgam
2104	0.008028055528148725	GNgam
2105	0.008069618705168919	GNgam
2106	0.008029726048148191	GNgam
2107	0.008064247463830923	GNgam
2108	0.0080608105088081	GNgam
2109	0.008095244002385598	GNgam
2110	0.0079105036734495	GNgam
2111	0.007901647519576735	GNgam
2112	0.00790117593737593	GNgam
2113	0.007908313613737282	GNgam
2114	0.008198104872591917	GNgam
2115	0.008215505456509795	GNgam
2116	0.008166780624372276	GNgam
2117	0.008178690073172293	GNgam
2118	0.008271088212855644	GNgam
2119	0.008259162778218311	GNgam
2120	0.007925434445502139	GNgam
2121	0.007940413175066724	GNgam
2122	0.007227996342184649	GNcol
2123	0.007229363131275121	GNcol
2124	0.007913445067515545	GNgam
2125	0.007884830418720873	GNgam
2126	0.007190869235019496	GNcol
2127	0.007185050390236669	GNcol
2128	0.007914580061964943	GNgam
2129	0.007907929953641712	GNgam
2130	0.007149745668525479	GNcol
2131	0.007203649911953205	GNcol
2132	0.008036280241447528	GNgam
2133	0.008043569783263378	GNgam
2134	0.00789606846235364	GNgam
2135	0.007871658088772935	GNgam
2136	0.007893214990392831	GNgam
2137	0.007907210590962516	GNgam
2138	0.007238738824860637	GNcol
2139	0.007227332929936057	GNcol
2140	0.007887795791542892	GNgam
2141	0.007874375681116564	GNgam
2142	0.007103610542033065	CIcol
2143	0.007097192228350908	CIcol
2144	0.007443333563742535	CIcol
2145	0.007498716497121942	CIcol
2146	0.007288023161304196	CIcol
2147	0.007282108401497477	CIcol
2148	0.007142695914269361	CIcol
2149	0.007083452401178272	CIcol
2150	0.007294481439579641	CIcol
2151	0.007309795871727851	CIcol
2152	0.007325326112679819	CIcol
2153	0.0072669058702104754	CIcol
2154	0.007127573312168937	CIcol
2155	0.007080207276203233	CIcol
2156	0.007295264745608099	CIcol
2157	0.007210347977788382	CIcol
2158	0.0071040421596405825	CIcol
2159	0.007109549280595757	CIcol
2160	0.007318412238040883	CIcol
2161	0.007296439704650785	CIcol
2162	0.007303737239385292	CIcol
2163	0.007276881032695322	CIcol
2164	0.007463243924118939	CIcol
2165	0.007452261653883219	CIcol
2166	0.007226261878835922	CIcol
2167	0.007295912172019375	CIcol
2168	0.007088975507970763	CIcol
2169	0.007124096392552825	CIcol
2170	0.007244094080361316	CIcol
2171	0.0073349895513370135	CIcol
2172	0.007078816508356788	CIcol
2173	0.0070824692721833706	CIcol
2174	0.00727977446924942	CIcol
2175	0.007288175026758693	CIcol
2176	0.00728586507326661	CIcol
2177	0.007322776371628003	CIcol
2178	0.007114512883082208	CIcol
2179	0.007083963947972366	CIcol
2180	0.007249169583708974	CIcol
2181	0.007289198120346883	CIcol
2182	0.0072272130361561914	CIcol
2183	0.007311354490866108	CIcol
2184	0.007250848096627097	CIcol
2185	0.007290165263504468	CIcol
2186	0.007249457328780652	CIcol
2187	0.007293969892785547	CIcol
2188	0.007101300588540981	CIcol
2189	0.007106176268922196	CIcol
2190	0.0071010128434693025	CIcol
2191	0.007091221518113584	CIcol
2192	0.007089367160984991	CIcol
2193	0.007113969364613482	CIcol
2194	0.007311218611248927	CIcol
2195	0.007274355270399479	CIcol
2196	0.007438114187859038	CIcol
2197	0.007455906424791143	CIcol
2198	0.007434245615228697	CIcol
2199	0.0074393770690069595	CIcol
2200	0.007312249697755774	CIcol
2201	0.007274091504083774	CIcol
2202	0.007264699824660942	CIcol
2203	0.007304264772016702	CIcol
2204	0.007465378033400553	CIcol
2205	0.007454203933117047	CIcol
2206	0.0071973195203762835	CIcol
2207	0.007321153809140484	CIcol
2208	0.007467552107275455	CIcol
2209	0.007500067300375098	CIcol
2210	0.007079184182615044	CIcol
2211	0.007139794484796605	CIcol
2212	0.007346331502912332	CIcol
2213	0.007197879024682325	CIcol
2214	0.007118837052076039	CIcol
2215	0.007130986288435788	CIcol
2216	0.007458520109192221	CIcol
2217	0.007452181724696642	CIcol
2218	0.007083580287876795	CIcol
2219	0.007095042133231979	CIcol
2220	0.007299165289913071	CIcol
2221	0.0072423196524193	CIcol
2222	0.007111739340307975	CIcol
2223	0.007122649674275776	CIcol
2224	0.007097328107968089	CIcol
2225	0.007077241903381216	CIcol
2226	0.007099430245575072	CIcol
2227	0.007091485284429289	CIcol
2228	0.007125071528629068	CIcol
2229	0.007106967567869311	CIcol
2230	0.007464738599907934	CIcol
2231	0.0074370031721656136	CIcol
2232	0.007074388431420406	CIcol
2233	0.0070804710425189385	CIcol
2234	0.007297406847808371	CIcol
2235	0.007281516925516805	CIcol
2236	0.007102827236004607	CIcol
2237	0.007109501323083811	CIcol
2238	0.007239753925530169	CIcol
2239	0.00731447972206128	CIcol
2240	0.007113609683273884	CIcol
2241	0.007094738402322985	CIcol
2242	0.007445155949196498	CIcol
2243	0.007462740370243502	CIcol
2244	0.007121131019730807	CIcol
2245	0.007123952520016986	CIcol
2246	0.007330473552295397	CIcol
2247	0.007315934433256987	CIcol
2248	0.007118980924611878	CIcol
2249	0.007129731400206524	CIcol
2250	0.007109908961935356	CIcol
2251	0.007115000451120329	CIcol
2252	0.007251103870024144	CIcol
2253	0.007313017017946916	CIcol
2254	0.007142520070058891	CIcol
2255	0.007121466722314432	CIcol
2256	0.0071029151581098425	CIcol
2257	0.007114225138010529	CIcol
2258	0.00742363901216989	CIcol
2259	0.007272764679586591	CIcol
2260	0.007322304789427197	CIcol
2261	0.0072594564700214715	CIcol
2262	0.007121690524036849	CIcol
2263	0.007164013028329526	CIcol
2264	0.007272341054897731	CIcol
2265	0.007272101267337999	CIcol
2266	0.00727002310848699	CIcol
2267	0.007266969813559737	CIcol
2268	0.007085490595435992	CIcol
2269	0.00713052269915364	CIcol
2270	0.0071484827873775575	CIcol
2271	0.007107031511218573	CIcol
2272	0.007327108533540493	CIcol
2273	0.00725164738849287	CIcol
2274	0.007285841094510636	CIcol
2275	0.007242479510792455	CIcol
2276	0.0074429978611589105	CIcol
2277	0.00745915954268484	CIcol
2278	0.007450431275510599	CIcol
2279	0.007464019237228739	CIcol
2280	0.007343158314205213	CIcol
2281	0.007309116473641944	CIcol
2282	0.0070845154593597495	CIcol
2283	0.00712428822260061	CIcol
