	GM_F-An. coluzzii_F	GW_F-An. coluzzii_F	KE_F-An. coluzzii_F	GM_F-An. gambiae_F	GW_F-An. gambiae_F	KE_F-An. gambiae_F
76391	0.0031842554766864056	0.0031742175912555723	0.0030381682399545354	0.0034818361001056498	0.0034815190281521267	0.003041370700077019
206072	0.004632231930555496	0.004534407961984579	0.004319033808417015	0.004562473961232147	0.004482168009061752	0.004124302611186057
324181	0.009141533192727518	0.009276731703273271	0.008211125746781588	0.009069294294704844	0.009196337975905144	0.008115213448509627
439117	0.010146076488992068	0.010385295934945936	0.009622710478781401	0.01014032544742832	0.010409472826751223	0.009458056756527
543518	0.010918639375934552	0.010921578894169075	0.010002613503928491	0.010991611151332535	0.010973794128577552	0.009840451905765187
655459	0.012827430655185759	0.012879361538287703	0.012434625906562649	0.013188088790647649	0.013443289088302363	0.01216868988173517
774282	0.015016522729528714	0.014969701292369148	0.015107458891368917	0.015347053601642176	0.015330861933163228	0.014975622104940316
894236	0.013927511523423761	0.013972099251797996	0.01402519407483314	0.014137543239227793	0.014174287665799739	0.013800999298707895
1009085	0.013534198361658402	0.013496818009917482	0.013741812390638099	0.013819312268768608	0.013813183309914464	0.013619282157436966
1117979	0.013607632305973436	0.013605871184907924	0.014013227052650033	0.013986220421235682	0.014008345820710208	0.013947156158989357
1232318	0.012593466325918089	0.01258086294307242	0.01326112038256307	0.01313039185186713	0.013185444524114352	0.01311733870573056
1349529	0.014816788405794708	0.014781140851209771	0.014593785344964725	0.015423849728931831	0.015428251005472985	0.014539291873192776
1459492	0.013608157076540915	0.013372069250917648	0.013254342793064589	0.014066338513328062	0.01394962265034728	0.013072513457156354
1571438	0.014519138872575728	0.014447401287563623	0.014876189788482657	0.01522514113236406	0.015317654207242112	0.014744047825890066
1693798	0.014251637718830566	0.014183957828276425	0.014443788589819432	0.014912314131192381	0.015044829230728874	0.014321131425744435
1813406	0.013682668556878573	0.013554277806756766	0.014221594559582414	0.014377930060083834	0.01440824023604907	0.014121636980775011
1940501	0.015015418323966953	0.014921695477982094	0.01530238065381702	0.015651613133222563	0.01568917201200969	0.015277858282084916
2070692	0.01377560516058793	0.013594800318550381	0.014681830867436617	0.014501889465196791	0.01452689153868055	0.01436179972678014
2189202	0.012561155999267373	0.01248836623433349	0.013314761441017108	0.013210327139506744	0.01327535607009921	0.013082570991323062
2301425	0.013242449855695265	0.013253811296990435	0.013430245063400445	0.013761969926675251	0.01378537133148106	0.013531697320080686
2407566	0.01235558899921206	0.01229097035488292	0.012497752581020349	0.012658489224938417	0.012652068985007522	0.012537795772321985
2513633	0.013715612470759465	0.0137206922469151	0.013613125480509391	0.014060646618882797	0.014085910374713885	0.013517995174792153
2622657	0.01289541381074057	0.01281885169040321	0.013084296715935312	0.013338833255680912	0.013356020839616112	0.012941665465167281
2738627	0.014477874180725955	0.01447432241721412	0.013994919182239204	0.014996113489238933	0.015013098039411022	0.014316852550355107
2861131	0.013926829160010116	0.013918279823057626	0.013806766573642677	0.01430622630507763	0.014304631346245324	0.014090376065166806
2985520	0.015474795883338815	0.015468549852490675	0.015561930875371	0.016000224983536766	0.01606140207783303	0.016022488245719058
3107697	0.015506756842412114	0.015455386867295738	0.014860586654528541	0.01606258880876821	0.016149879047897643	0.015524096356618514
3252219	0.014740776685972491	0.01470900852146332	0.014553178270603316	0.01543328930028941	0.015421609534227724	0.015124268243048905
3446252	0.015657764450738274	0.015614308194675786	0.01564462551729567	0.016395167738594143	0.01639391056655921	0.015729728236193733
3650821	0.016223611452312048	0.0162237234161673	0.016381289809249227	0.016624924594792593	0.016711605100110438	0.01652588723490329
3801159	0.0148196686767824	0.014777610221445891	0.014802705436449693	0.015391934594557356	0.015385005422320804	0.015197587968142617
3913710	0.01478202742545334	0.014738253873491865	0.014790384527703898	0.015152919737166625	0.015116158188078052	0.014819449182816379
4030175	0.01495676953788697	0.014948784438111054	0.015334593413152067	0.01562991596274663	0.015613282929442395	0.015451995120526673
4148178	0.012549376341601923	0.012456470320972786	0.012930909034619758	0.013399206992244632	0.013377943743974934	0.01346822351262928
4264948	0.01362241316742787	0.013494354106560219	0.013291364724683973	0.014634401281547003	0.01466028858704693	0.014703966363666401
4383371	0.014587617631093772	0.014363301971231831	0.015660660280238464	0.015907349989223888	0.01590358531545367	0.015870835865181294
4505973	0.01394716115103847	0.013899305337368799	0.014812943557350206	0.015206139958563715	0.015189890880700625	0.014965929760220294
4629581	0.012160678990863259	0.012136138275495293	0.013058632749966569	0.013621184425424598	0.013690215066041305	0.013676763818403171
4747831	0.010958019186163787	0.010932742869829645	0.011800773196852165	0.012213454600389135	0.012196799993601598	0.012113575275730416
4873650	0.011604700580913348	0.011640936538841922	0.012151023444159392	0.012716586929885077	0.012743584619755239	0.012607859917866759
5047752	0.013549905799018002	0.013491912497432977	0.013481869121723555	0.014684520191434076	0.014697555028776252	0.01437033126970428
5214280	0.013209403430542626	0.013245042245190224	0.013554857145620358	0.014643945834715615	0.014690389324495992	0.01441710144150757
5331105	0.01152874336783517	0.011611447861183798	0.01216266618823888	0.013065930322153124	0.013105282788819728	0.013077836060755667
5449900	0.011997371150269491	0.01192432950537522	0.012517512518861426	0.012856235386140306	0.012802677417285316	0.012837878353991094
5576234	0.013541876185829747	0.013503655483885978	0.013767734953426753	0.014085538034603155	0.014091752579718007	0.013959517363258457
5699427	0.01323831758701998	0.013217416686435593	0.01434618435598416	0.014289086022978206	0.014308034858694666	0.014467569272268888
5822676	0.014059635716719832	0.013993508448351531	0.015375232965531454	0.015078959250508632	0.015075942467451146	0.014985662702126208
5948553	0.015592246605348564	0.015624117903635458	0.0160551857456781	0.016247862409013547	0.0163322849639184	0.01593347731002269
6065970	0.013273863118257819	0.013194870765994049	0.013637361063360222	0.01388320801413523	0.013924931455981632	0.013990157754809163
6194666	0.015445459238682124	0.015316261537496248	0.01530026159708871	0.016220344052414442	0.016313161291979527	0.016086226713062916
6334140	0.013414377577204014	0.01330508722745771	0.013205888001438211	0.014580011812693056	0.014569371141432664	0.014178493227725592
6481482	0.013042055477534486	0.012982674155876521	0.013365311540856137	0.014345126901170256	0.014351899284585358	0.013716649337138226
6637012	0.014064560669252817	0.013919469922647464	0.015132978706423656	0.015872636237740448	0.015828422694512997	0.015759103802523683
6779347	0.014288888248759785	0.014134779108167855	0.015058432078051503	0.01541835588583489	0.0153890284686897	0.015328416656943353
6915562	0.012825426926788465	0.012723038576930704	0.013360766971747744	0.014025657285527172	0.013958128083145041	0.013892565336709961
7047443	0.014358196022396198	0.014341030360594953	0.015295082383479458	0.015656980338125546	0.015602654909238508	0.015231569055897162
7173334	0.011323956395152962	0.01118129797071967	0.012169348542013415	0.012405015024281627	0.012366013437946799	0.01222732237887133
7302872	0.012141059412451794	0.011949859008336654	0.012118101043093561	0.013135810657555135	0.013201843090617477	0.012744586669882065
7430393	0.01531015600092075	0.014981525080657834	0.01366921319413015	0.015572801241651245	0.01566120028845163	0.015495888505806438
7553415	0.014394434380122617	0.014263895245943098	0.014950526858519924	0.014822478633669298	0.014927440266512193	0.014739748506768499
7679762	0.014705289608280662	0.014533809825277272	0.015111890978933186	0.01397076442464648	0.014085116620015811	0.013539970375057685
7804680	0.015752922920041972	0.015705250808174958	0.015943075000982916	0.014801434327042657	0.014863535800362229	0.014244127075687363
7927591	0.01629280134054653	0.01622346160887004	0.015484540581376993	0.01296863455325915	0.012938989066184655	0.013700621731048074
8048391	0.014769180819080806	0.014839178243563924	0.012681414651955315	0.014581335701987382	0.01455521218047822	0.014998845855312398
8164302	0.01488613868881588	0.014740368737329961	0.014491572406224904	0.015412682276545301	0.015379761371986052	0.015365464622526052
8280546	0.01421648494723961	0.01400641165163785	0.01306629839394581	0.014054628450357275	0.014261334746640469	0.014138502535567072
8404367	0.013879597412205567	0.013685270624507143	0.012356367042775322	0.013523159313165212	0.013689315435669131	0.014046344470359273
8523842	0.013638732371156788	0.01354642945761165	0.011654668383754944	0.01316153134216398	0.013167901328607835	0.013502611779290904
8645882	0.015461208851970196	0.015118849295975971	0.014959616881369897	0.015457179739079079	0.015697044955471643	0.014774373916956952
8771262	0.01621655905108055	0.01597364061700317	0.0164131077536215	0.01685632726586494	0.016817511528769587	0.016093512091016313
8894653	0.013828679942512117	0.01345270289259023	0.014495415731329123	0.01488745796057807	0.015006744527219187	0.014915842223920322
9028197	0.014060994715925276	0.014138167806644123	0.014188423009243356	0.01577902561816365	0.015785646283947043	0.015617927187644568
9173275	0.014034602706804893	0.013954278995409795	0.015473491268586062	0.015911166075188988	0.015858570495709275	0.015916131530577773
9315548	0.013707820092329258	0.013587451277876517	0.015296944930970826	0.0156663549388101	0.015669257558414796	0.015527156451019606
9457186	0.013080807838526675	0.012827514321020228	0.014820277276079019	0.015095188364135108	0.014990685801815864	0.015218220936513444
9610770	0.014123253111309967	0.014175157955476957	0.015193416161229663	0.015291321100779168	0.015361899459913397	0.013796348930424971
9999789	0.013570444314191122	0.013546792337036729	0.014209695631322431	0.015099346799073255	0.015009948691585789	0.014388509349477349
10419880	0.01349619284228155	0.013233666038357815	0.013458859871911593	0.014960810196061406	0.014897957770441842	0.014234923394913371
10592235	0.013823027056086658	0.013629480184618504	0.014652538245001883	0.015268758833400944	0.015318489012755662	0.015114821719905273
10714749	0.0167822180065338	0.016724790643508118	0.018041636541001143	0.018124738580296684	0.018113329854994305	0.0175648036853369
10852027	0.015217165154666486	0.015212607455023385	0.016108771779189787	0.015322763826482916	0.015389164455257965	0.01502449152240883
10997047	0.016930272909904148	0.016996589149364194	0.017703323521080255	0.01564332632074469	0.01568469512430254	0.015181683513488434
11134969	0.016373639811000415	0.016555703340862996	0.0168874693415166	0.01488566039645354	0.014947599706629271	0.015716611902403484
11288806	0.015515365187127227	0.01557019563186269	0.016178500217761824	0.015228375751924095	0.015213699746094662	0.015472902041431895
11451273	0.014474673695111236	0.014235968150470815	0.013214895481807121	0.015671833888238465	0.015716592700923335	0.015666951250370386
11598144	0.015251677235464323	0.015130756212368864	0.014261687724322382	0.016796797876481945	0.016801211048174374	0.01595859145051171
11729755	0.014321221397239505	0.014161147940116189	0.013611632493972783	0.01565645848127138	0.015608919077679041	0.015120927675982991
11863465	0.012520637014682489	0.01246721388103648	0.012848202542799426	0.014076671280008063	0.014071958741037347	0.014073032253537078
11996285	0.011691732933979605	0.011729262075867	0.01183462818375271	0.013223002905548424	0.013197839919931256	0.01305137258145063
12129605	0.01631220247404911	0.016254285837176884	0.017165298926493454	0.016308596367749863	0.01652736778859017	0.01626912378075798
12273965	0.01635175641137023	0.01619494800198773	0.016190787588729216	0.017738604055363198	0.017762898667494927	0.017546567089726538
12418964	0.014462207445641848	0.014283727026551738	0.013706579982002625	0.016234047970381766	0.016168437906891295	0.015976019036114543
12572993	0.01613395767542302	0.015984600851774503	0.015280793426416292	0.017717042994203812	0.017643042467516197	0.017278448839973454
12727575	0.012876536034511938	0.012993554893268288	0.013500938073961534	0.014429151509037206	0.014461642349064845	0.01453413834885908
12880240	0.015797470794618577	0.015689170518553175	0.016084722546138006	0.0166388803414769	0.01672339990854353	0.016208446936810138
13029386	0.015631606138466196	0.015201097495300351	0.01597925207140099	0.016458761051946647	0.016400720707305583	0.016255187016473757
13170155	0.014838104882198559	0.014657222455790495	0.015013499270682235	0.016004398298604682	0.01600243742594503	0.015799180463139634
13317563	0.014796379224080856	0.014575131049229533	0.014809252864711266	0.01589087087729423	0.015911856878577338	0.015364753700208232
13470418	0.014236074432026371	0.014158114195825352	0.013909239502523192	0.015439185667937616	0.015565927331474709	0.014825717466759179
13624587	0.015829589211429736	0.015472298306249728	0.015200947250076981	0.017149129033041437	0.017263923368020684	0.016904075562835442
13787115	0.016276330866484157	0.016370775517771715	0.015538916531181318	0.0171478292104787	0.017088431576841718	0.016838867505795507
13950479	0.013338505847077454	0.013492918705517918	0.013483664663873324	0.014973836177111675	0.015007012135813506	0.014596730310929834
14104503	0.013479456171960696	0.013343151631435705	0.013146892748479981	0.014750082663506237	0.014691448875338728	0.014515723396861174
14259150	0.014554260238201739	0.014429621565169987	0.014501871104885095	0.015867335591881866	0.015833650492892287	0.01561694456503303
14415236	0.015746611491746595	0.015414855401074476	0.014971588121905547	0.017074903385963926	0.01707899659332785	0.016836455331535927
14563390	0.01663314848850334	0.01644047180651197	0.0164710154196324	0.017510189299152476	0.017425058204959428	0.017217723609264168
14694207	0.014376947603038145	0.014267137649541172	0.014072329592413493	0.01531611610231347	0.015320001943239289	0.015119685531898056
14819120	0.015918454562100882	0.0157952019725162	0.01560262831540843	0.01658611486353118	0.016691346053734357	0.01651357499969337
14966733	0.014880537760224832	0.014872213983997885	0.014846185076209877	0.015735148446213106	0.015750271879690747	0.015464458537336976
15119869	0.013031977493506597	0.012826887830245576	0.013107729120887852	0.014428179525089013	0.014325822747231442	0.014381899496081561
15261438	0.013879463227923007	0.013872343807126321	0.014198949470657436	0.01579014315526692	0.01574155008848908	0.015697565249300133
15412201	0.015294438679354648	0.015302353666385484	0.015021033162289255	0.016837133589550607	0.01683440741487967	0.016446023279796235
15557727	0.015671679013424027	0.015437710029282561	0.014963140139413099	0.017016498649157344	0.01701561384076198	0.01645015990911453
15703509	0.015188371472895671	0.015143333287345098	0.014906927795225572	0.0167583691962479	0.016852495127955575	0.016246855837101004
15848351	0.0159098418540957	0.015606337785547559	0.016643902451979716	0.017833306898304868	0.017809687111307076	0.017411680892836165
15993588	0.014000045900706796	0.013848010148650653	0.016054835545419113	0.015756239906991643	0.01577833290694496	0.015539512888567692
16137677	0.015542170360440737	0.01563829707628458	0.016853572074296677	0.015503876521510526	0.015507321598450127	0.015175092804099668
16274702	0.015310233369657271	0.015104295399151927	0.016528715640114825	0.01620454937803201	0.016292323865721416	0.015437674833617134
16411524	0.014208786260920488	0.013947819907656726	0.014990104690401709	0.014954124715378435	0.014987106797129326	0.014809432785945912
16546074	0.011566896284785882	0.011367093344880423	0.011968390872141887	0.012736149267914252	0.012721470037778078	0.012605578494876063
16710913	0.01297476148555629	0.012794981993706845	0.012344864604175209	0.01449131148977996	0.014458885637930094	0.014173625955635094
16877361	0.013015197265408385	0.012869811080367922	0.01261169884695544	0.014184698300051946	0.014106731672520415	0.01382513606178497
17008012	0.01205882680797259	0.011923081532276232	0.011673306140933532	0.012919465422601957	0.012881665121059318	0.012702006685245681
17132434	0.012067085697272932	0.012101382664962121	0.011732183627706604	0.013165539074020613	0.013158064285699095	0.012763988897839383
17259957	0.014381772269862215	0.014183422476250153	0.012890458169795194	0.014848912369671643	0.015084557866314312	0.014298194251814332
17396744	0.014300120496049626	0.014356084975078502	0.01271604390256495	0.014114749491161201	0.014372806800445908	0.013497668151479566
17551128	0.015249652176232425	0.015173306023450068	0.013750840760882498	0.015599121966346122	0.015549002385253795	0.014854870454186734
17688911	0.014394612986760027	0.014242623917172723	0.012280067025528179	0.015115128620030064	0.015180174317291672	0.014481904584077518
17812753	0.012723159291604603	0.012545049559131003	0.010494860035087924	0.011827690765777697	0.01196784319218385	0.012903752706981329
17944151	0.015748263947902397	0.015657062450893156	0.013415299991939862	0.015702310054698135	0.015682030227006264	0.01582546747815804
18068284	0.013781299483512187	0.01380019137709856	0.013643804940178523	0.01467526697642859	0.014651211888000918	0.014876357110877406
18197926	0.01460050787564889	0.014437764230654865	0.014425963410541365	0.01591241664281144	0.015835915284874442	0.01591806099484639
18342898	0.01514253235848359	0.014972392795453125	0.01485916713308808	0.016479134283800236	0.0164259198790056	0.016141888341544175
18489638	0.012691290545923353	0.0126980857054751	0.012780571099184781	0.013126359701406777	0.013155467045093981	0.012969751379161294
18630778	0.01155663430105169	0.011519639523709288	0.0113949005723505	0.011600063860493543	0.011620065369037024	0.011322029241002679
18775923	0.015602016296856088	0.015391292529703055	0.014959601132928362	0.01600892144183583	0.01602757961619415	0.015345878065235373
18942571	0.01622500534410626	0.01582987351993446	0.015904116757510148	0.016635225670362967	0.016617996071613596	0.01616713266558631
19095980	0.014501398447709354	0.013269263374475667	0.013535741831405317	0.014762175787795418	0.01435083390856985	0.014018136575004175
19217604	0.015546440516789835	0.014354778333950055	0.0148825827824195	0.01571033561740864	0.01545905423720529	0.015198413700624632
19338547	0.015124529062543484	0.013964452657958327	0.014346164752676964	0.015275176032816515	0.015149666986677135	0.015041608359544361
19475027	0.014595008542090863	0.013338875521395375	0.01329647170076279	0.01515777308248501	0.014754834756089064	0.014346195910122315
19646106	0.01611711913889928	0.014937939711911354	0.014750620006712416	0.01599906002466831	0.01613643876689522	0.015005470173933801
19827048	0.016423181614475913	0.01515170560836394	0.01531733871092424	0.015929329041829716	0.015926423279836146	0.014592921487226256
19991326	0.015861769309330538	0.014569230147485141	0.015559676837353363	0.015972293735628515	0.016109596389019456	0.014756452580504129
20137777	0.017161840659801513	0.0159021101268179	0.01676764609484228	0.017184240834501985	0.017386460511235383	0.015932282211530407
20280133	0.014954467391518999	0.013756155653706146	0.014719442843693843	0.01564373566843636	0.015618848780729703	0.015081340976579925
20433250	0.01383089488715533	0.012922299999321242	0.012621643965180193	0.014350032531665826	0.014367965357154781	0.013563673397280394
20582555	0.014739013619108584	0.013830555607672263	0.014089248343249951	0.015459905972855256	0.015426021686461937	0.015007756867566465
20734963	0.01526671715762589	0.013973235587944333	0.014442653255612375	0.01581586273219737	0.015646763395741548	0.015293302053915263
20876718	0.014409100304427156	0.013412091523652738	0.013465010332198157	0.015024024481934909	0.014827125624554058	0.014468389939083259
20996925	0.01658033032267675	0.01573911413197131	0.015268425021155423	0.01705335290877985	0.017079873268702896	0.016469012466452597
21116813	0.01629545795781429	0.015172215667885866	0.01477166491389637	0.01716283193159239	0.01708203817928693	0.016676041858824573
21244291	0.015711067149672797	0.014327668571227584	0.014385825400122513	0.016856319639313742	0.016412288309951298	0.016484783994713533
21380814	0.015427331684011468	0.014371282117473664	0.01408714422181069	0.01626772511490069	0.016307634568313464	0.015531728850113962
21531949	0.014510786567997818	0.013264764349828108	0.0131362072382823	0.015267677867915242	0.015460902677402202	0.014612864000566505
21682715	0.014758133143477901	0.013476502883065808	0.013391744184082875	0.015353753794251038	0.015027365200565877	0.01461938601603722
21808153	0.013793123241310939	0.012669019626537688	0.013240891428760362	0.014144544180986544	0.014095039739914364	0.013619470276661702
21920484	0.012784854433954709	0.011557670915757563	0.012004792425428889	0.01330827636662744	0.012958489127689194	0.012754296923527336
22042756	0.011419653255138206	0.010415712929420127	0.010638110388487105	0.012172135641066716	0.011750172673400484	0.011675470648196996
22182720	0.014950734104263218	0.013709523706446344	0.014497302299547833	0.015860976651830512	0.015636419408687954	0.015235312073122185
22337609	0.013970792003107826	0.012749615214357255	0.013011342180927513	0.014668633506792641	0.014637055804702714	0.01393716218085719
22483664	0.014056245934714577	0.01329574115660633	0.012865297916230927	0.014882380873576191	0.014618183098766351	0.014055426187727172
22611945	0.015107696187511706	0.014094560744703662	0.013665768395518517	0.01585487325140284	0.015580075032755287	0.015044639759201787
22740546	0.016349961317178384	0.015133873131356319	0.014639336526340734	0.01697571199737908	0.01667689295057127	0.015965781537128895
22870680	0.016877461127666693	0.015425629590232132	0.015604165526362769	0.017352569160194706	0.017097077375398048	0.01673701624478761
22997071	0.01602598702724506	0.014787013543352727	0.014565117182613354	0.016542663645019738	0.016561812913080717	0.016062149428094665
23120788	0.013714313716984582	0.012350470794490934	0.01168782678064598	0.014001716427176616	0.013671422952119372	0.01353923342313801
23247527	0.013968397497010605	0.012585333396802506	0.01205268728273308	0.014373771345950515	0.014009315534586522	0.013978745969442248
23379270	0.015485220595493943	0.014190457812599208	0.013279161475546725	0.015455299215211478	0.015077317123547242	0.014648606705780387
23506250	0.014986636083774683	0.01390282136308932	0.013956848896749939	0.015555101180465592	0.01543798876579179	0.014993544448045702
23634421	0.015356207071714626	0.013922127952679442	0.014043944951631348	0.01605862027274012	0.015783496629343814	0.01528111787558942
23766609	0.015177541981046273	0.014090934423250542	0.014683751303686413	0.015325803018022095	0.014985423564118533	0.014593398790037175
23897452	0.014716638661952233	0.013508266253269148	0.013963126000965836	0.015173457507653464	0.014800783543257413	0.014166457000749852
24023987	0.014834401611527347	0.013451886012639101	0.014190297497170216	0.01575471033580912	0.015243552187201416	0.014808709823183844
24157098	0.01566078995851265	0.013992850595414769	0.014245832138123343	0.016449777415071927	0.016051163669058118	0.01565231743736291
24296124	0.014269250516998826	0.012915899219653075	0.013059808166674831	0.014829687518481533	0.014584411432329865	0.014003022388459185
24428623	0.014478304051772606	0.013269281721177806	0.013808515687057913	0.01447608840996071	0.014205739718407617	0.013856807417911891
24565597	0.01631035852466917	0.014899883162998047	0.015328447985470013	0.016429725311138354	0.016314463908119848	0.016632623683347753
24698937	0.016270572136310283	0.01499026720825329	0.013706814970826693	0.015196827032724125	0.015104622883626408	0.015131248125609632
24830310	0.01470635572543765	0.013676676250526586	0.01278713928952483	0.014664745648321386	0.01494292928277186	0.014276893215404384
24966347	0.013586056203364883	0.011956256420365578	0.011395466876301098	0.014802132854138344	0.014394923187215915	0.014492636248460465
25098900	0.012220619680143006	0.011106928809127576	0.012541914497339034	0.01291731831722865	0.012594999942852451	0.01265497715696839
25218667	0.011750163952149067	0.0110632736653244	0.011867746687714639	0.012404485763665873	0.012068576218989335	0.011865878253862943
25346689	0.014586572655672578	0.013475359594479227	0.012564115452427487	0.014808241573879942	0.01437960588063639	0.014308239686924467
25492699	0.01491400193737712	0.01406968989272902	0.013206609335213112	0.015039293857799084	0.014986134689841644	0.014190978426887055
25623572	0.013576790940586657	0.013035951628811698	0.012793899675214156	0.013893036468243436	0.013566139894742252	0.012918499309400467
25743655	0.01393906951041533	0.01316120924955484	0.012990294443194241	0.01439752871176696	0.014165419071545005	0.013713942541349852
25876205	0.015319264832370384	0.014569721458890586	0.014639925637746869	0.015347512091816775	0.015354166918722018	0.014018670745990816
26023681	0.0152362097371742	0.014232307508429404	0.014425878315806826	0.015744133125412074	0.015506672434830449	0.014711934264972311
26174581	0.01570231535335985	0.014294797572181845	0.01442001867356734	0.016577865501008218	0.016106554762494382	0.015427034075227304
26318500	0.014144073972158649	0.01308060263054885	0.013365915076563515	0.014497926098864803	0.014246909443242297	0.014514257339652554
26453023	0.01300177368757262	0.01207741595148431	0.011907368014159843	0.013450305894674072	0.013109552085522632	0.012862354118968633
26586953	0.015729134436617893	0.014916034138638979	0.013701988275669201	0.015830380351838313	0.01567922578195561	0.015288614509147772
26725805	0.013791606513589488	0.012993488892830791	0.011855486505779275	0.013679928926253746	0.013529912721796288	0.013259454698167951
26853633	0.013957033790156087	0.013770559066893418	0.013121133631035908	0.013824049923608793	0.01401658238316183	0.01356930928567578
26967498	0.013994640622601508	0.01397838786099369	0.013784173285310312	0.01428415328727411	0.014317878233505592	0.013624037421271355
27079969	0.014514073400062489	0.014579567341615383	0.014249964938955985	0.01487945824082412	0.01483318761099192	0.01462291211211543
27195507	0.015779470521062443	0.015534318417893468	0.015560012043717257	0.015273999797945553	0.015328922303838165	0.015175860098593098
27367372	0.014387910226426295	0.014355317324911528	0.013952435667552932	0.013750216929979664	0.013822078328218303	0.013075267514431102
27585311	0.01470360401554607	0.014443608174809237	0.01466931326599793	0.01469921456677401	0.014672639041379045	0.013837842990544191
27755315	0.015259772422673587	0.015452933030251243	0.016844519691179786	0.016080299625767056	0.01609035262733301	0.016365223678635687
27880794	0.01304437461892374	0.012951074511933123	0.01269340617628303	0.01313853066415782	0.013184770737240661	0.012565727784712424
28001408	0.013125754751631023	0.013115625861913921	0.014034840486718408	0.013721311579541661	0.013534085750283866	0.013039301540925924
28128789	0.012661511041212511	0.012952117499028602	0.011993534195379116	0.01269001712459339	0.012731190052035782	0.012193777595313959
28259069	0.013308236445694148	0.013226568594637679	0.013261996143231872	0.013358752496911756	0.01365095319130552	0.01317559260801296
28382704	0.013275467601539904	0.013535295375925223	0.012771467532463998	0.01407519009545988	0.014027561939369826	0.013238321551898467
28528575	0.014950045179266522	0.014827403535088957	0.01439770072450752	0.014499080025682452	0.014906106752202431	0.014585176644292834
28674879	0.014208324043210334	0.014044659071923826	0.013780503706967038	0.013828169805580449	0.014223897435863744	0.012993108809343734
28796012	0.013190669795990007	0.013593761964136976	0.011746682540301952	0.01357397355297851	0.01355206102255914	0.013071796397801655
28915347	0.014557340041763346	0.014498283976932216	0.012571989687725224	0.013921341795757929	0.013600970199003169	0.013518591336266586
29034052	0.01428729620464651	0.014405884170475464	0.012461487611532523	0.012009177907846839	0.012612973236178023	0.013550311074274686
29153768	0.015271282918076081	0.015153053900805442	0.01215363130594036	0.013330024587565369	0.013295880437129306	0.014185596139656302
29278353	0.014989499648672109	0.01485881712852532	0.013383273231345402	0.013045565293167626	0.013213355763808722	0.013725470613966336
29398996	0.012965477020638423	0.012879447805530003	0.01150863645135823	0.011284048016600559	0.011308706986255336	0.011679020423274882
29514758	0.014390910071676673	0.014461130794936071	0.01362693393634566	0.012903124663018089	0.013112216370310835	0.013105948184336434
29635345	0.01305421290211331	0.012969616793716159	0.012421612330603895	0.011962173164183198	0.01214850492793775	0.012288874840733556
29756612	0.01466241053250484	0.014614159936289686	0.013420746189971392	0.013809131090810483	0.013877594224078539	0.01352076438271899
29876411	0.013558691519035972	0.01350098457115228	0.013076810967109689	0.013624888746636386	0.013729792824968837	0.013706826736153591
30002774	0.01253342172838239	0.012518640656502062	0.011734254408196832	0.01233148129744851	0.012440200599042349	0.012222247168888211
30139160	0.013567170433026531	0.013484125586475432	0.012400302161877584	0.013281904494240153	0.013392138633432842	0.013082949428069856
30282105	0.01501510023989722	0.014989411297199835	0.013491285926548446	0.014893172628040392	0.014993824842438332	0.01458836648605341
30423001	0.014891616384753672	0.014885491296609486	0.01306307192635042	0.013754130749216961	0.013833454771875434	0.01409083771305984
30563938	0.014384763761743956	0.014369857189666454	0.013498375109082717	0.015083527201723268	0.015210685447570696	0.01469116163981623
30709436	0.01513961785485653	0.015074047558226038	0.014728649425913853	0.014821214989151595	0.014828344025167958	0.015223526889329203
30869956	0.016893055696548902	0.016828386861101663	0.016207307320680587	0.016863443652769764	0.016802320790594405	0.01646212577819577
31053014	0.014412837937700172	0.014280704892243328	0.013851317862684011	0.014233634705532504	0.014383550291874665	0.01433372889029929
31205168	0.013085720828380677	0.012986540565865384	0.01181630021761328	0.013490601967717784	0.013439330545337237	0.01271103533281851
31325269	0.015820261027425966	0.015824054144214877	0.015038325052876585	0.016120267901568026	0.01619218155738629	0.015634732244156794
31510271	0.015417455205168207	0.015527098972849	0.014180665987116745	0.01550081013635574	0.01564545643061558	0.015068770439189784
31717559	0.0166758433679662	0.016597903248370377	0.014728357007782158	0.016839977049743125	0.016886715932973053	0.01572045682276073
31890324	0.01602756677237642	0.016150720088681687	0.01475119792114596	0.016159099514824585	0.016324063207576834	0.015795319763759166
32044368	0.015887745470417068	0.01601437782182152	0.013372768267863605	0.015491013088589507	0.01579375285004943	0.014530641965672391
32202077	0.015531987843930534	0.015716191085357746	0.014329262201945721	0.01525001826719877	0.015452266658209828	0.015005838247554007
32370630	0.015232864847875881	0.01530271355456998	0.013945630155319199	0.015099086155932492	0.015276546658985821	0.01446362000517266
32581929	0.015132703547086316	0.015114146223959343	0.014351395854388832	0.015041496785272862	0.01519339427674206	0.01502865347774679
32836451	0.014127678468652436	0.014289424398414194	0.01396765171579826	0.014227786571186844	0.01436366760495858	0.014186944814972836
33041257	0.015243815185479896	0.015283770878074792	0.01641066543287099	0.014818251941017898	0.014851057433118476	0.015776301827303038
33226733	0.01353686820553854	0.013622024113033404	0.013668210466178698	0.01398942499572835	0.0140501674461728	0.01390266996131629
33406209	0.014737650911807286	0.015033855013699544	0.014622811240381351	0.01519546901654478	0.015347438088331462	0.014699631376272611
33559477	0.014373341215451935	0.014497620626050211	0.013684001620049655	0.015110355935869154	0.01513065314688209	0.014560685328785346
33743281	0.013241844535053164	0.01330521738101856	0.011633743027037407	0.013675909427532907	0.013674606635891946	0.012712629113402922
33928777	0.0157707180409142	0.01591421089431538	0.014103754020512827	0.01566520529940418	0.015798849373070415	0.014842687348453404
34079759	0.013660569033820166	0.013679524801041962	0.013352214910458545	0.013353129228996813	0.013453116293851167	0.013307498827415066
34255923	0.015069947032936602	0.015223139810634775	0.01421293364202491	0.014856425943760349	0.015101692841064078	0.014384884568681193
34460828	0.015596454081191587	0.015631676898146676	0.014661996479730844	0.014613787302161032	0.015076195699329185	0.014353646085075295
34662702	0.013628041237993684	0.013878713566780707	0.01288975661506228	0.013368108186914246	0.013617836594918829	0.012638504029690405
34859090	0.015422435340126422	0.01553288343232396	0.014250057211501431	0.015599343074640006	0.01573547819237296	0.014791280763793654
35039696	0.015567328718810338	0.015800232034288732	0.014834179234387266	0.01546033815911714	0.01568053317506456	0.014859000241597253
35192336	0.016154460019251665	0.016264614308681747	0.015169765136306437	0.015964446967987402	0.01607182146764261	0.015344323203829582
35344952	0.013642540216775204	0.01399075853617874	0.013202185029938243	0.013322912651852361	0.013550191822325528	0.012661023507152763
35505385	0.015622998982999658	0.015622687749966458	0.014545147769812378	0.014699621248214903	0.014926001403722085	0.013932279263267781
35672284	0.015001667705199784	0.015061208439521839	0.014185666123693527	0.014155444866934366	0.014401683569892403	0.012924981434054605
35836612	0.015584855428607887	0.015618362885081788	0.015420360580190568	0.015445540225096617	0.015638334670308285	0.01543619909892896
35997216	0.01465994690853841	0.014700869600069902	0.013762966875251918	0.014723917488086963	0.01491572692800239	0.013970357411346513
36191255	0.013884308139055772	0.01358684215150805	0.012371189233571037	0.013527793188795831	0.013655461159259604	0.012764311835887701
36374049	0.014634991993261303	0.014748880837484785	0.013246253349556475	0.013004201509789702	0.013538670663989262	0.01226397079801103
36527155	0.014994239389082899	0.015091614405615331	0.014326316137233298	0.013478732148974278	0.013549026979651333	0.012966078917624841
36680483	0.016508409998081487	0.016503378503336375	0.014984815273516763	0.014792810614584323	0.0148291405178527	0.015025509653786365
36833802	0.014551347449289646	0.014702840739264807	0.014873439583094882	0.014593749036982033	0.014787957927182108	0.015034683297148752
36992432	0.01557188900320093	0.015682216131058642	0.015413940041727529	0.015843929900834976	0.015966447099975217	0.01541746948586695
37195928	0.015350904698527634	0.015261948113385595	0.014908851313179811	0.015126793643231266	0.015242468733984387	0.014888255516811978
37406524	0.014854234921251134	0.01475470966148825	0.013747090667528607	0.014844905252405107	0.014978972387410411	0.014304688464663373
37599545	0.01499815317188417	0.01495233982380903	0.013611314317222517	0.01486636523517886	0.014927993237423753	0.014302273613616143
37800184	0.012106576859346229	0.01210444115643946	0.012013049893901338	0.011782273622937474	0.011913549095308187	0.011360811007935172
38033235	0.01274121845362786	0.012795803078080741	0.01213064093590394	0.012630291410464206	0.012733545437511325	0.011989457584584817
38267535	0.015696023630975234	0.015702744418898577	0.015675960936071258	0.014040404325381667	0.014248511894964622	0.014117904481130124
38457247	0.015029399765254439	0.014975151444683735	0.015062621262036162	0.0122869409637759	0.012770597655002025	0.012076198408164764
38636515	0.01634776167648661	0.016223183324358726	0.01562409911234277	0.01593999762446384	0.016065638361592686	0.015498579908691437
38819626	0.014563567883232905	0.014491812144670728	0.012550392754599925	0.014602225611287262	0.014665048433480573	0.01383848987271809
38994950	0.014794281551561657	0.014829854664911334	0.014230749033994856	0.014629336691157603	0.014685804218807148	0.014369009677295005
39148370	0.01551106908429428	0.015457923559396843	0.014274851170657143	0.015489818306859027	0.015583831113647934	0.014701399056830319
39282987	0.015760940334380472	0.01576665796498238	0.014759297193033987	0.016069145050650532	0.016117999167037787	0.015214039756725712
39405126	0.014456216750286192	0.014573041410570791	0.013720645403081592	0.01452848091442481	0.014630534089176096	0.013367609410843894
39527611	0.01342140692577684	0.013512868305041536	0.013086582175326834	0.013258597771107748	0.013376931630263626	0.012748341143492114
39652361	0.01455172669990071	0.01457801263324575	0.013767266368273781	0.012950764061607943	0.013278262182813794	0.011345003808431165
39787370	0.014098295269242658	0.01401861065338047	0.013932288194178131	0.013494935553358857	0.013727072548542486	0.012191349219732825
39929142	0.015016845915782114	0.015051375750031444	0.014862529482314226	0.014466596850078922	0.014652023609128673	0.013201185103841688
40069698	0.013739759312912159	0.013749034596718442	0.012685181467325553	0.013728415291400209	0.013832415697820894	0.012906801021083115
40201940	0.014110550942751236	0.013983963532486477	0.014137844195277865	0.013542144824898877	0.013709622094324681	0.012684332098959254
40331317	0.014162682391184967	0.01437110906365868	0.014196463230273971	0.013846424328015137	0.014038893457679053	0.012902617339918567
40461591	0.014464861426730924	0.014529762022927209	0.014170873446551973	0.014757820353400246	0.014804525067932993	0.014254004498232557
40594294	0.014927427384865253	0.015117347588669216	0.013051505882204884	0.01498418029165581	0.015135569405138702	0.014402803136249573
40738785	0.015930648709314838	0.01615330678269942	0.013190015707524058	0.015359309074264539	0.01566293371081081	0.014522439908299578
40902550	0.013614875150887537	0.01384918034077154	0.012315582067835883	0.013842052115515922	0.014030170033717891	0.013358413839274438
41091271	0.014989322010605937	0.015031675530029506	0.013931218592653763	0.01551647221195681	0.015654934896034912	0.014815924534529188
41300816	0.014019800608261105	0.014111372519053481	0.012709570514287633	0.014107586998900735	0.014228256342233615	0.013729305707130044
41564943	0.014011222168708473	0.01412753940859002	0.01269118212391775	0.01416783743691039	0.014221512881866556	0.013632274595362325
41835458	0.015489846231167394	0.015712551389184315	0.01395884643910092	0.01568663387280526	0.015833611221151185	0.014930407805458993
42066003	0.014484701763432318	0.014630724789496044	0.013118837465393317	0.014416158962099522	0.014592541332229949	0.014300759865578817
42246860	0.010508228729271858	0.010676948304836188	0.007509964475455036	0.01081694954806973	0.010975942520948872	0.009766936259735104
42421026	0.01439769181802918	0.014622103007972263	0.011789169386951947	0.0143674635282493	0.014749089609567457	0.013790051462313725
42613124	0.013461819330260635	0.013888728403771231	0.011831426484547727	0.013022961532904859	0.013590392956987761	0.013347833681328424
42759151	0.012785716976903639	0.012937780181128549	0.011104993604570026	0.01214879676163044	0.012785834688581897	0.012093069269414863
42880258	0.015429687693821205	0.015506801100852242	0.014095796763843097	0.015352361596597013	0.015522707201693842	0.014617182998056838
43002597	0.014561947291641647	0.014579994239780012	0.01400874639708757	0.01472046197769537	0.01490685181234455	0.014320511590813526
43131682	0.013149161865441024	0.013351859994966157	0.012016044176011865	0.013046455944239274	0.013540548772508772	0.012057877696689855
43280725	0.012380589729974772	0.01243130428812331	0.010834879385549627	0.01156348519084666	0.012089222714753982	0.011076427936999929
43465039	0.012417852916300817	0.012491130240744906	0.01077069211765912	0.01211621144608197	0.012573743599318616	0.011872357084415485
43666334	0.011276524598749914	0.011316489976720164	0.010114828816289157	0.011023767118165708	0.011319434494898441	0.010761340564332483
43839215	0.012500729082061323	0.012347396519749164	0.012033357820054666	0.012572982051860956	0.012644680551747526	0.012484340876091033
44007052	0.012206787963857048	0.012464857232176184	0.011488298252484241	0.011841205854262826	0.01237104601362709	0.011859956487710372
44216588	0.014393659368103199	0.014504448117846519	0.012944863739329212	0.014161675285065102	0.014474498917587324	0.013808824747548592
44398096	0.013673507655421704	0.013707567220127698	0.01284281659609403	0.012856280478309107	0.013260911377751447	0.01286196839619852
44545497	0.013664922933458	0.013587450307899936	0.012385667911388268	0.012970120410795137	0.01299815673158983	0.01155862138564108
44704985	0.01170544721939003	0.011747054328518134	0.011360174743583322	0.011392347108464805	0.01167905008948504	0.01076716753263976
44859827	0.012558596684648654	0.012765685688585163	0.011797119398164031	0.012318114498770183	0.012752859652574569	0.01131555651817969
44992675	0.010765489619789934	0.010963871965414361	0.009405798318510352	0.010557290906072712	0.011264734022320899	0.00993543780241588
45176612	0.013278695681412284	0.014216499553891138	0.011357867575991727	0.011781661591258702	0.013743707482943544	0.011671714656776626
45397076	0.013806534749823384	0.015029217621236707	0.011486399542708928	0.012983244523391562	0.015056365895631857	0.012752304647387481
45588451	0.013737440518600263	0.013588044860541456	0.012089099985062999	0.013028662770306253	0.013598609409653881	0.013226879392222017
45906068	0.012924579093650959	0.012672635049899924	0.011263858834206704	0.011879142861579562	0.012409688850928857	0.012190780155332741
46189646	0.015476182574695033	0.015388413348750985	0.012843994500808911	0.014900979023074527	0.015426800721146152	0.014802856304234011
46319815	0.013392877908361061	0.013309896603129073	0.01158408401254413	0.013501622454903437	0.01379879161276222	0.013498458399279609
46465243	0.014444219495182676	0.0147503922508293	0.011355236422131052	0.01367047422138594	0.014704225044477541	0.013843894145222193
46612898	0.012861570185973052	0.012830926062195585	0.010803138254545005	0.012095050985134385	0.012807520541870373	0.012364975208351168
46741034	0.015392728280963278	0.015338467659311319	0.013132296654892498	0.014035829544562409	0.014633373652700345	0.014533686759413552
46865706	0.014911760846042467	0.015187242930187845	0.013054688063373098	0.014668064756961715	0.014833951322214834	0.014831347626826578
47015399	0.01371691145238785	0.013951547960891016	0.01129021229578472	0.012776723431109504	0.013089199686953178	0.013427052972218285
47166832	0.013955208927113227	0.014034450534435864	0.011516688357258342	0.012995946993306024	0.013143382530244349	0.012655263012282904
47304748	0.013173866911897758	0.013144526607683178	0.011438911972542553	0.012218222270023435	0.012407459303235174	0.012659099368808654
47443496	0.014323916940205563	0.01441822356516898	0.012171818040593859	0.012941559915253371	0.013460033604569148	0.01314465440662622
47610402	0.01392446147244357	0.013853353613566441	0.01129997021422149	0.013929334319336219	0.01427308679131034	0.013039357454718892
47773522	0.012089836264029697	0.011637726067018028	0.010812938019987612	0.013787498850567154	0.013862792105508545	0.012615015376124502
47906704	0.013040081552966444	0.013208579415071711	0.011616870532062128	0.012742170410901674	0.012760329382021684	0.012318084299573552
48069388	0.01371214206838279	0.014068869780945957	0.011813090729890985	0.0124775304926338	0.01301226562223842	0.011311303733169216
48248682	0.014545964460738577	0.014874325733732539	0.012892896295687196	0.013410034796458022	0.013998977858684317	0.012661857978965763
48409941	0.012188521133969744	0.012214189821662813	0.011292111410174999	0.011831198956155808	0.011803638336156755	0.011844099704422488
48550403	0.012601000871029475	0.01256589212554215	0.012052029150000818	0.011618107015915624	0.011692646571131013	0.01177159256238062
48682774	0.011867208859628213	0.01195556812384702	0.0106255186105289	0.01056327107218232	0.011024795919276001	0.010662623927233463
48820911	0.009738945782205898	0.009759855198900607	0.007842781694923069	0.008113337585399576	0.008733008629865013	0.008638100322719616
48970114	0.01106889625260666	0.01136482153296301	0.009436540864823562	0.010653791004988464	0.01125397731173362	0.01076457972787755
49112283	0.013146944870744947	0.013485287401520924	0.011040984344891985	0.011799908770159056	0.012495019044951063	0.011196879405820356
49230770	0.01083953166125177	0.011145832856915705	0.009417883106562937	0.009457644422719454	0.0100319746096896	0.008323871867518847
49349837	0.01242250247223731	0.012657177387351504	0.01123120065498095	0.010669481456100388	0.011686672364787466	0.00942608789908327
49480557	0.012762200154805644	0.012815499762739078	0.012105480007985302	0.011712007682426683	0.012534659686455993	0.01070942770202946
49659745	0.012974561184798554	0.012354524406286364	0.011522450096356461	0.012474126889491035	0.012936641863290304	0.012667771211749893
49843342	0.013146779007150158	0.01339998592619313	0.011727238795715066	0.011821008598084186	0.012942367396282888	0.01212693366428998
50008508	0.014085949636243022	0.014402889210608583	0.012655205925317894	0.013462043635181692	0.014176453393225126	0.013260986702430042
50180900	0.013483040723173613	0.013405869914603338	0.011915383628726817	0.013407799960509796	0.013595106113923039	0.012702581643598769
50381410	0.01311420264777937	0.013210273100336305	0.010829106543217495	0.011752456973683979	0.012200695801887027	0.010043258627561448
50584970	0.011697443408150479	0.012125176503440405	0.01047613402257972	0.010757943824978626	0.011368584534398705	0.009898949909155522
50735557	0.012022444862616824	0.012097705391817325	0.011580829862001185	0.011786524727918376	0.011895558540580019	0.011058058737096046
50857045	0.010125856241865364	0.010286762829704107	0.0094691129802902	0.009940340211064354	0.010044727754038803	0.00873038944206293
50990160	0.012115800005010521	0.012284356991202188	0.010914533281251889	0.01168143350752899	0.011729486280221945	0.010978470718847475
51132446	0.013008545213742445	0.012958137441091455	0.010875372346468341	0.012835017571290075	0.012669232810308939	0.011522866749601065
51279124	0.011929575143477719	0.012307162443947342	0.011632516927798335	0.011914391287189803	0.012220717858213192	0.011970806534672722
51473295	0.013674532098866248	0.013680335088835314	0.012770479630917608	0.0132946081778934	0.013386781279402803	0.013412649405039187
51697491	0.01093004208694543	0.011255837718745778	0.010181033672788112	0.010471145443796449	0.01085186180746637	0.010265454571561404
51884453	0.010589832356899729	0.010839953452853945	0.009831381017879724	0.010103661205146096	0.010378205177584742	0.010232000914095908
52027646	0.013449647174345845	0.013358497469084135	0.011286194177479706	0.011125117730843138	0.011206781587308324	0.011543338156799442
52168193	0.012529572040300696	0.012430809362186632	0.010229478634190907	0.011212292959658077	0.011240020227187236	0.011316917451581048
52293691	0.0117362871044018	0.011857121830746555	0.010624132870417845	0.010815169884003342	0.011016438520523877	0.010674339953784038
52461879	0.013218915208007316	0.01332871556908704	0.010902801277990464	0.011489653444040232	0.011776912046328986	0.01192808365308077
52654320	0.012231959067205275	0.012771686917978536	0.01105794222390137	0.010485032299366719	0.011414002102004928	0.010030312291305615
52856564	0.011796819678167304	0.012115284993860973	0.011149084904747076	0.010978410364060014	0.011599230659211212	0.010540556229845259
53052235	0.010896380810685473	0.010907271159921095	0.009822259633523617	0.01000749589969379	0.01021251154518719	0.009443281956698983
53195687	0.012465269644935238	0.012652789076989432	0.01138203716703114	0.011634112998513208	0.012106492885452014	0.011087864082159594
53346417	0.01305822290799663	0.012981027903082079	0.0121099872200381	0.012746091299997434	0.012988462291648838	0.012696221306236278
53517444	0.012821396639739732	0.01276947409117967	0.011199293339167643	0.012220593162048841	0.012496396938729249	0.012165266591810431
53691142	0.011979696987616537	0.012039415083552746	0.010082071328291788	0.011241050505465687	0.011533006714531106	0.011491105506658068
53900072	0.013010501404291233	0.013160655667069072	0.011210981271689652	0.01213548848755736	0.012891595036666892	0.012109685851693383
54147107	0.011883332396739324	0.011989819725529979	0.011183506069416692	0.011001681971655226	0.011453833011284087	0.011063923742960153
54367237	0.011380815954206154	0.011616565752316847	0.010770036427760666	0.010682832768359126	0.011129903194072551	0.010239740459604693
54606638	0.011362904790949537	0.011436982108700778	0.011130809806715998	0.010272208795855822	0.010403907449421965	0.0101251552241877
54815514	0.01128436157823603	0.011254810526353897	0.010968324124660426	0.010823787147326862	0.010998633388623391	0.010493019909649435
54960627	0.011401715433782779	0.012033330844917136	0.010567566545265627	0.010501407101134516	0.011411390725914388	0.010114001957501
55105234	0.009019132712848332	0.009311658230583969	0.008401144374342275	0.007846177074744323	0.00847781132897553	0.007677894941980567
55244058	0.011194842002313455	0.011437901664328688	0.010476779054512476	0.009762314054801203	0.010461536579107629	0.009279211018109046
55389283	0.011440060685324365	0.011536769562902225	0.010750500814702767	0.010501513366625121	0.010956228110006905	0.010106764127169356
55588250	0.012869880239900827	0.01288087723145557	0.012073481972691204	0.012566493362175296	0.012864358807961902	0.011770808152830832
55777325	0.010952089938295212	0.01096589976076615	0.01000564167882032	0.010726673070878323	0.010889186141830877	0.010612704029080119
55942485	0.011271036162880997	0.011193141924818899	0.010785390655746366	0.011040918310134578	0.011193125291334385	0.011027142139785213
56125543	0.010433772075696074	0.010527985537343725	0.00944931989662002	0.01016928681435754	0.010403951657367794	0.010076399112082269
56273334	0.010563357724172509	0.010976170212638536	0.010084919817423332	0.009718315773847826	0.010452578974367821	0.009862108737986921
56429214	0.011776827053990512	0.012091186693670463	0.01067484742480372	0.010799097110544963	0.011290929807963184	0.011172832092280998
56604973	0.012143715662663344	0.012446461587183566	0.010718927818222096	0.010712408012873388	0.011241317486070978	0.011546955234161549
56762551	0.009660565519100045	0.009719530243213032	0.009216738780001918	0.009677363964820317	0.009705109908127015	0.009675263657412435
56905137	0.010252765834411703	0.010303585251867167	0.009045685118299436	0.009987960227773188	0.009960858750803409	0.00985114191566067
57047695	0.009681685717085598	0.009738575641258943	0.00851238094049125	0.009611279967270256	0.009614765214853868	0.009270231671537323
57213562	0.010145007545125581	0.010117025550247738	0.009729499470645228	0.010196555770833489	0.010255858005323193	0.010019480081305746
57400548	0.007963211205297947	0.007899477802769415	0.0073882355377232305	0.008081669066938893	0.008141404007017272	0.00800973969207413
57556254	0.010563772119843398	0.01053580594691994	0.009837446241745162	0.010721995476379347	0.01073520481409514	0.01017537867986118
57706742	0.010615584666057219	0.010653347471363438	0.010012969613453666	0.010430745124763764	0.010572596713506882	0.00978022138701891
57967429	0.009311961764150552	0.009376358526245722	0.008806258376614227	0.00805962523765777	0.008511026167282538	0.008538304707246298
58219761	0.01004537051355901	0.010219607476391319	0.009509506000119919	0.008593733948070644	0.009177316915544355	0.009174238052961673
58384221	0.007513012645660361	0.007540922862045821	0.007035028525107831	0.007239405150862815	0.00750992517145893	0.007389848473929644
58534882	0.005984075471501549	0.006154695566218893	0.005419370986710967	0.0057589796244291655	0.006099506455888201	0.005823012844171964
58690718	0.005458967901571445	0.005511785208669736	0.0047067134226192525	0.0049274280468834045	0.00537680187879608	0.005078374567870817
58899145	0.005703012871697407	0.006077813839355435	0.0049516224650048846	0.004485818541368326	0.005371556931569139	0.00503261473295144
59237752	0.005503261226001898	0.005668084445840759	0.005037968348581885	0.004699637941550314	0.0052700070315497205	0.005016769863878493
59639336	0.005243518583260109	0.005551938678981042	0.005165780059475685	0.004515365847357063	0.00491276951302995	0.0049472683599972676
59939775	0.00575791464128097	0.005961735860314334	0.005930064476859937	0.005586013220237992	0.005738541522882639	0.005663615202138811
60183995	0.005305694766466809	0.005301236778112074	0.00472507027533288	0.005147922009900064	0.0051995900626288765	0.0047129103539974735
60580814	0.004144500860617453	0.0042608208979936345	0.003887860829444254	0.004177228957485793	0.004402705176028752	0.00383475373325224
61076536	0.002852081029219514	0.0029557563068574673	0.0033626807225379364	0.0027635780912619095	0.0029477377580292047	0.0028345043502574414
