	AOcol_F	BFcol_F	BFcol_M	BFgam_F	BFgam_M	CIcol_F	CMgam_F	CMgam_M	FRgam_F	FRgam_M	GAgam_F	GHcol_F	GHgam_F	GM_F	GNcol_F	GNgam_F	GQgam_F	GW_F	KE_F	UGgam_F	An. coluzzii_F	An. coluzzii_M	An. gambiae_F	An. gambiae_M	Unknown_F
66111	0.002375967365967365	0.0021273620892019148	0.001979999999999998	0.002174180235187647	0.0021844212121212053	0.0021292494969818686	0.002160355888073209	0.002204687908990228	0.002387083333333333	0.0024120202020202	0.0022757971014492704	0.002190999999999995	0.0021733333333333223	0.0021406406250000184	0.0021525	0.0021970160256409976	0.0022940277777777672	0.002142639194139237	0.00237903495440729	0.0022296505060254886	0.002208493195475589	0.001979999999999998	0.00219497183758123	0.002228323609179518	0.0022188423965444374
190123	0.00388169580419581	0.004307318786456257	0.00415833333333333	0.004162244285565171	0.004155915579710197	0.004206391377248994	0.004168484043623428	0.004202476232939158	0.00361575	0.003678916666666668	0.004213941137719944	0.004374063320277537	0.004119583333333357	0.004226076923076973	0.00443	0.00416078846153831	0.004317777777777747	0.004226753968253909	0.004020339901676341	0.004125180582367978	0.00417749402299829	0.00415833333333333	0.004161692586456804	0.004108969604497676	0.004153323509678153
308935	0.005675105077670896	0.005472902973396305	0.005589999999999965	0.005744736840274262	0.005879861862413103	0.005498086067127492	0.005744934651328477	0.005738319357344321	0.005804944444444445	0.005877595959595974	0.005771972545192057	0.005442129096968557	0.005764166666666745	0.005732268287660552	0.0055720833333333325	0.005744878542509833	0.0057845138888888165	0.0056413509132584305	0.005774853991952033	0.005749932196852723	0.00552990624787464	0.005589999999999965	0.005739134477905038	0.00580328019412957	0.005743103819962837
429598	0.006679585001232445	0.0067450565615923596	0.0068899999999999795	0.006860321191246587	0.00687827384716742	0.0066869360510893264	0.006871374752732283	0.006991464880104377	0.0066454166666666745	0.0067616515151515295	0.006680021967614533	0.006661608792325512	0.006787916666666734	0.006816106971154095	0.0066575	0.006948952091767642	0.006874583333333218	0.006785424524289393	0.006794443904304549	0.0068301216895135875	0.006695701907433805	0.0068899999999999795	0.006834788495453836	0.006922218492763576	0.006793462559798372
558497	0.008964109763839302	0.00919807542720192	0.00937166666666669	0.009218238650212065	0.009373871941464171	0.00912431769131453	0.009180588419539216	0.009342568691229442	0.009389284090909092	0.009549159090909072	0.009217389820307616	0.009032120355709482	0.009260833333333272	0.00916127844551321	0.00939625	0.009273926619433472	0.009204007936507788	0.009195733595368526	0.009156483176435987	0.009174997251101708	0.009086479764041724	0.00937166666666669	0.009201066173670423	0.009381605567778742	0.009161032305295965
694970	0.009589945658381819	0.009973379834564132	0.009976666666666715	0.00996493433183641	0.010217905797101226	0.009889047906735667	0.009988392255147634	0.010134636720996515	0.010232750000000004	0.01039882575757572	0.01007875232533018	0.009901600851279507	0.009901515151515059	0.010002993152177553	0.00982375	0.009999413461538806	0.00985283333333323	0.01003819963369981	0.00806393954826622	0.009912755912129392	0.00983077775390463	0.009976666666666715	0.009987113088674653	0.010198858955482644	0.009331830475457822
825396	0.008350920289754024	0.008745206437903793	0.008851666666666707	0.008809101624742702	0.00899625708168626	0.008681672280057534	0.00875411230235723	0.008866135045578167	0.008549810606060611	0.008653575757575731	0.008652524107860497	0.008598647992991865	0.008822424242424132	0.008756807604302448	0.00867875	0.00883859935897461	0.008931198412698271	0.008747470668532476	0.006664230234303971	0.008742035355973551	0.008592629305577307	0.008851666666666707	0.008753035149753537	0.00887477110341231	0.00800115775211606
956206	0.006481717581477374	0.007061044600939556	0.0071733333333333085	0.006917315068016604	0.007021641836062587	0.00708482796780695	0.006874755423583345	0.007106665205755295	0.00442594696969698	0.00464086976911978	0.006101091891534628	0.007103957912457632	0.006930757575757683	0.007063946523962396	0.00704125	0.006934118589743246	0.0069194642857142085	0.007073161731214807	0.006359691362505713	0.006548505469755005	0.006914689628257958	0.0071733333333333085	0.006719431029677271	0.006713835697715237	0.0068114821039121105
1098289	0.009907986366640888	0.010238063946481813	0.009986666666666711	0.010181371831292836	0.010309522990777148	0.010155548048307265	0.010117580180254807	0.01027148737481105	0.00854549999999999	0.008597056818181795	0.00966411467935277	0.010143032177116562	0.010172916666666528	0.010206500977804433	0.009910416666666666	0.010150586538461888	0.010247787698412558	0.010244066813843399	0.00801816477088603	0.009876113651593143	0.01010307964961694	0.009986666666666711	0.010022387009283248	0.010034642527844046	0.009430535171020113
1237977	0.00892263471177951	0.00939297978815021	0.009330833333333358	0.009300828810492193	0.00937448951628064	0.00934201033996002	0.009296722317752212	0.009465496128587188	0.009304613636363635	0.009408364898989883	0.009412319587472148	0.009351395622895123	0.009314469696969526	0.00950386134866515	0.009316666666666666	0.009342980769231147	0.009484999999999782	0.009513748809867044	0.006386211491623228	0.009293428651867023	0.009242763942786928	0.009330833333333358	0.00933783960042457	0.009429390593050766	0.008396100177520469
1372752	0.008855824409156134	0.009325863462175002	0.009704166666666717	0.009294060767512172	0.009540645920383782	0.009298143445498603	0.009259759440656717	0.00945123874202741	0.009219291125541124	0.009406753968253951	0.009079164001497716	0.009307186963978918	0.009139242424242293	0.00942430210425813	0.00939375	0.009273307692307983	0.009401527777777578	0.00939072955103587	0.006308840015439001	0.009247027230965467	0.00919030905518288	0.009704166666666717	0.009255773880485983	0.009469790278962978	0.008302667699305377
1503757	0.009564865666109122	0.009896588084061013	0.009678333333333377	0.009878075844552602	0.009987064262186906	0.009888189211569937	0.009840607524195012	0.00995278863823814	0.009598333333333342	0.009793964646464605	0.009786064537427117	0.009766250962698586	0.009776477272727103	0.009890580775631578	0.0098675	0.009909445512820943	0.009610317460317291	0.009870243835128831	0.006843499387875694	0.009860823895123567	0.009778027217320254	0.009678333333333377	0.009841303144129987	0.009939851770393682	0.008799235631088179
1639143	0.009667241081582642	0.009761381623072812	0.009793333333333385	0.009825459068294008	0.009933006524710778	0.00973590320726039	0.009825256183336656	0.00998588077747334	0.009784878787878789	0.009951129509379469	0.009885716128269734	0.00976148249793479	0.009848295454545243	0.009847417658730566	0.00985875	0.009908250843455183	0.009802103174602974	0.009862932469839969	0.00679135082109156	0.00982966247949836	0.009732339853166959	0.009793333333333385	0.00984186327683348	0.009961809926403458	0.008756361011299254
1789271	0.008995110346670984	0.009212447490499502	0.00944166666666669	0.009318444142921004	0.009476594137022266	0.009166287157729314	0.00928153602439858	0.009396759518345519	0.009051770202020196	0.009238057900432868	0.00912634341183149	0.009123250746457808	0.009248749999999917	0.009201104368526069	0.009325	0.009314435897436118	0.009308680555555358	0.009226176125996457	0.007280755807355564	0.009230950636685206	0.00912657060512744	0.00944166666666669	0.00925152862253699	0.009397121154488654	0.008520143737847508
1934721	0.010046405316258625	0.01021699918107794	0.010425833333333398	0.010250478441489063	0.010413786297759952	0.010088985530832527	0.010225448965195763	0.01041397267278963	0.009688916666666655	0.00990033982683979	0.010111330597154418	0.010156435645765257	0.010285984848484623	0.010256345562424092	0.010461666666666668	0.010299332207207678	0.010167063492063318	0.010289943525264028	0.006880141467651402	0.010162329623618568	0.010127929993669375	0.010425833333333398	0.010208505107115186	0.010337602703274006	0.00905618584264641
2067518	0.007667279582117646	0.007962451179298757	0.008078333333333344	0.00800322817729496	0.008134438965744353	0.007941551395328763	0.007975455235579805	0.008134016119605857	0.0077604166666666655	0.007878685606060603	0.00779082490559093	0.007883408549695931	0.007915606060606036	0.008030441183312956	0.0078775	0.008034349358974423	0.007968749999999889	0.008001186202686115	0.007313715191645459	0.007973263894971641	0.007857242484800032	0.008078333333333344	0.007960600732291285	0.008093880736301389	0.007768606325273986
2198725	0.008741077810554191	0.008956720601386987	0.00930833333333337	0.009052270465851886	0.0091584191870485	0.008940288829015952	0.009010854355222203	0.009192027976675758	0.008916136363636359	0.008977819264069258	0.009081709007219949	0.008986573264086991	0.009024242424242303	0.008937041166569444	0.009005	0.009032859986504946	0.009114910714285543	0.008998546322591403	0.008977714977962127	0.008989103086205204	0.008898178500868091	0.00930833333333337	0.009018276538648309	0.009149600257443562	0.00896903954776484
2336548	0.010312895303569701	0.010722853089552991	0.010818333333333385	0.010635782834080272	0.010904921969696718	0.01060614207238368	0.010680013842638898	0.010877225121932038	0.01063136363636361	0.010749629870129847	0.010533799319470235	0.010663622895622248	0.010662954545454306	0.01073611321093826	0.01069125	0.01069519331983863	0.010945347222221957	0.010740537844178638	0.01047263265265795	0.010635321838035113	0.010570372515964318	0.010818333333333385	0.010663215113738612	0.010866444987914229	0.010631335705514047
2466907	0.009918463289667135	0.010448341381624293	0.01047833333333342	0.010427928678285837	0.010672266826651325	0.010351648970614056	0.01046029527573743	0.010560879660591325	0.010235469696969687	0.010372207070707082	0.010263069076284617	0.010297330982783239	0.010494848484848262	0.010514026652167706	0.01052125	0.010488650641026085	0.01040758928571405	0.010458616084290493	0.010426910450961112	0.010415371901510612	0.01024910899624053	0.01047833333333342	0.010424342327814124	0.010567023127624971	0.010480151188451784
2593864	0.010056828777925624	0.010886201149138146	0.01121833333333341	0.010725985439932027	0.010975242706568498	0.010845373817206076	0.010769740601349224	0.010954626547576705	0.010919971500721506	0.011039588383838351	0.010697626368864392	0.01088579076932788	0.010840416666666401	0.010875342660861403	0.01056875	0.010778411437247566	0.010905833333333082	0.010954296608101852	0.010894927072473796	0.01071574869240418	0.01064589556651132	0.01121833333333341	0.010773996415945253	0.010973210066422318	0.010887814089385309
2719996	0.01006383490826397	0.010296093505478507	0.010499166666666724	0.010293430574399725	0.010426177766798161	0.010138245268714118	0.010334431797391248	0.010516065868649255	0.01017090404040402	0.010234709595959587	0.01014837551764468	0.010201907852105417	0.01036223484848457	0.01039675484584905	0.0103325	0.0103291923076928	0.010354742063491873	0.01037164414814296	0.009446513812053471	0.010288928973617394	0.010176231382253577	0.010499166666666724	0.010302168481062345	0.01044280332531335	0.010057321686177198
2845049	0.009477393757091307	0.009696279466656016	0.009825000000000025	0.009744730890998744	0.009918689426323707	0.009513834774203965	0.00974264568760103	0.009927049989745789	0.009614583333333327	0.009806113636363608	0.009784055135741944	0.009439837581468925	0.009691818181818067	0.009691974042031395	0.00950375	0.009901162786775006	0.009737817460317271	0.009714392931039135	0.00924775613133864	0.009786069805598192	0.009538427180054652	0.009825000000000025	0.009758210608307973	0.009906222791613717	0.00953947801176274
2986693	0.007370672352432154	0.007490818661972499	0.007569999999999999	0.007537152976376584	0.007696118148880092	0.007459724346076659	0.007530244351733261	0.007728237077823904	0.007644869047619049	0.0076848106060606	0.007504702485147414	0.0075343687186325715	0.00745624999999999	0.007551843373360814	0.0075275	0.007566590587044499	0.007642222222222153	0.007564559845740889	0.007428210323761021	0.007511571627634321	0.00745901736212984	0.007569999999999999	0.007531945595588032	0.0077119191192180645	0.007516814646172811
3122509	0.009203527551113264	0.009549297143975975	0.010090000000000054	0.009420137703092208	0.009525626416337137	0.009513908740593989	0.00940632350706092	0.009590956545061443	0.009064484848484862	0.00921341161616159	0.009288425740505642	0.009471892954703789	0.009394166666666514	0.009564294442229318	0.00968	0.009428596153846421	0.009448948412698227	0.009534517898010082	0.009335799722335884	0.00937583803527628	0.00943148661440024	0.010090000000000054	0.009398428063495287	0.009512594598138488	0.009477246010173796
3274863	0.009207266435683583	0.009397691813928025	0.009159166666666703	0.009331640573356417	0.009564222063805665	0.009381239689201173	0.009342208353437097	0.00948336669986111	0.009109607323232316	0.00925629365079364	0.009289203550151214	0.009309794017826578	0.009404204545454434	0.009443553570430162	0.00923	0.009351785256410406	0.009053998015872866	0.009427136210887572	0.008127594059346712	0.009304248396355618	0.009322336769779995	0.009159166666666703	0.009330636070468057	0.009471909171218495	0.008971241377815955
3433285	0.009163686865765927	0.00908789665772513	0.009285833333333382	0.009112013899035664	0.009260874187197083	0.00903874567560379	0.009140475797488296	0.00925526792379805	0.009187083333333337	0.009320714285714269	0.009278069722254456	0.008945228930572806	0.009159431818181692	0.009054607486264127	0.0091975	0.009204331828792562	0.009088501984126888	0.009125312713503812	0.006798509276885085	0.009140863352383968	0.009070410435725077	0.009285833333333382	0.00915453192555957	0.009266740860328289	0.008268873382706715
3568110	0.00910238501224439	0.009357222641405047	0.009373333333333367	0.009294498469735561	0.0094705315405608	0.009248438646371331	0.009322315931395158	0.009444414170833046	0.009000511904761891	0.00916184632034631	0.009352002936586433	0.009297279782585871	0.00926833333333321	0.009318090561609677	0.00929	0.009337516025641134	0.009098958333333183	0.009351191419223753	0.007349759291684082	0.009268780034577859	0.009243796723999992	0.009373333333333367	0.009308330378879652	0.009410130398702934	0.008624050141046308
3710635	0.01167751251375895	0.012029002990164689	0.012293333333333406	0.012074538061439734	0.012184289248070367	0.012019280240886183	0.012051384850458015	0.012186219346081946	0.012131785714285713	0.012376930735930677	0.011950413636850463	0.012062824795120284	0.011913560606060275	0.012051809820424203	0.011665833333333332	0.01209576923076995	0.011863055555555283	0.012181441517741509	0.012335687099319486	0.012036268507957486	0.011933598968435254	0.012293333333333406	0.012051064919460388	0.01221459357661535	0.012179130639537416
3856039	0.010920440131085823	0.011152767801253297	0.011126666666666707	0.011150880997111165	0.011392696061546798	0.010940076622995046	0.011161450412815663	0.011446053866253905	0.010807769480519489	0.011049295454545412	0.011155688047250012	0.010998547813646205	0.011161287878787654	0.011094293830740067	0.01119375	0.011243432692308304	0.011173650793650645	0.011210724491644754	0.011184261427402883	0.011116947050135719	0.011006675805065477	0.011126666666666707	0.011157992802840952	0.01136994873153159	0.011133879128967905
4007257	0.011113590438887886	0.011423318689918617	0.011100000000000087	0.011436310492988334	0.011692550663466564	0.011382262757884135	0.011430863812364257	0.011670736586111091	0.010894098484848503	0.011075749999999952	0.011131565634878278	0.011466485712225678	0.011434621212120945	0.011550917433485502	0.0114425	0.011525173076923705	0.011367847222222017	0.01144974562703244	0.011144745486430813	0.011398913955546614	0.011337937341048307	0.011100000000000087	0.011390086820318689	0.011589132011591917	0.011388663982421323
4149482	0.009300405481147168	0.009578339006260927	0.009799166666666716	0.00962797325769613	0.00979860482158935	0.009435988500886491	0.009654212821961232	0.009841829525560293	0.009717861111111111	0.009858604797979792	0.00957013630622772	0.009380539101708404	0.00962799242424225	0.009541843997390765	0.0097275	0.00966133569500716	0.009688015873015711	0.009620505139337897	0.009361598813700566	0.00963247780329124	0.009429265145089202	0.009799166666666716	0.009635874189666995	0.009829151075395833	0.009498012962074972
4277035	0.009802118804031349	0.010001011654468945	0.009953333333333385	0.010055217150152965	0.010234858667419276	0.009904337342898346	0.010085776869720741	0.0102638823119204	0.009910467171717166	0.010001128787878753	0.010132767980942795	0.009957293719781806	0.00999469696969679	0.010093410662590502	0.0101025	0.010111587719298742	0.010188182539682317	0.010026352464639184	0.009916934889915002	0.010013131749445315	0.009917116377943017	0.009953333333333385	0.010067907252932037	0.01021406654920573	0.010005676018868908
4410778	0.00940361830414523	0.009492243712274617	0.009714166666666692	0.009652834690184634	0.009775153425559782	0.009367633443534128	0.009611279451855193	0.009789901682375497	0.009738409090909084	0.009929128787878745	0.00963176179181906	0.00940210437710389	0.009699393939393766	0.009521658998483975	0.0093975	0.009657189622314882	0.009689057539682414	0.00960142738753139	0.00954723213307162	0.009597026661402358	0.0094195270620068	0.009714166666666692	0.009621543231762045	0.009806016648779078	0.009546684705642542
4545488	0.008959386622537454	0.009082638836643963	0.009056666666666687	0.009115651167240073	0.009356585126105618	0.00904059307912726	0.009104442229330517	0.009265592482843055	0.008968825757575757	0.009121103535353515	0.008881271344981182	0.009041437320226503	0.009110037878787757	0.009259599206349578	0.00935375	0.009151435053981348	0.009527222222222083	0.009212614130719632	0.008894183093663955	0.009086284818910424	0.009036153299237366	0.009056666666666687	0.009097117654435365	0.009272313651664772	0.009115644547884893
4693681	0.011142134465978563	0.01153378683210522	0.011458333333333393	0.01144193481891109	0.01165474098908305	0.011432780375159641	0.011475123429172068	0.011701069809032514	0.010904613636363638	0.011202760101010038	0.011509391450868966	0.011290430649014815	0.011487537878787705	0.011505261275183667	0.01144625	0.011467932692308296	0.011364275793650668	0.011583000435937046	0.011189211211304761	0.011404911454661625	0.011353058205017644	0.011458333333333393	0.011460207787537226	0.011606675704538957	0.011408039841240848
4847990	0.009397205458740348	0.010264941035100644	0.010491666666666727	0.010204691838011842	0.010407035436664595	0.010197036234886216	0.010201248941132062	0.010355473637409181	0.010288772727272705	0.0103910227272727	0.01006042465567418	0.010143826662854412	0.010144204545454416	0.010254942370465994	0.010285	0.010164670824671219	0.010239652777777514	0.010289697342607667	0.010106476999670294	0.010202714965778382	0.009985737400900552	0.010491666666666727	0.010192058804662615	0.01037673775651467	0.010220375975002778
4984342	0.008439272807014323	0.00866993838028254	0.009079166666666699	0.00864374830393445	0.00881550384434399	0.008589573003237101	0.008629740422377232	0.008796588570085383	0.008662803030303043	0.008799659090909072	0.00851055614187817	0.008541447352088508	0.00866121212121211	0.008645002714020213	0.00877	0.008685112179487217	0.008784999999999881	0.008611594136356713	0.008230193333076351	0.008643354045805662	0.008562419351967492	0.009079166666666699	0.00862599026504671	0.00880217966026844	0.008489856218111144
5115747	0.01023904013674387	0.010630487200984806	0.011021666666666746	0.010600688071877406	0.01086471884528493	0.010719361754500068	0.010603964433231357	0.010798828977137714	0.010647583333333334	0.01073481601731599	0.010392526369879949	0.010611212616359177	0.010620871212121021	0.010729903843359674	0.010925	0.010634421950797395	0.01040194444444425	0.01070262741509665	0.0064340144799054574	0.01060386795114645	0.010547332976178866	0.011021666666666746	0.010588210979384255	0.010810537783108417	0.009209881255294376
5253014	0.011626532081703356	0.01185126039234981	0.012135000000000102	0.011991348400587486	0.012106828383210632	0.011758626395120068	0.011952893634238558	0.012152266031084213	0.011968117424242428	0.012130505230880205	0.011677969635110702	0.011769308997081849	0.011924242424242193	0.011984020788609719	0.0117225	0.011947160593792864	0.011765585317460059	0.011915468076881836	0.006857908943577939	0.011910151629670865	0.011748029261355791	0.012135000000000102	0.01191254510185026	0.01212598263834055	0.010152586515017607
5388430	0.008625235788616646	0.008912724960877364	0.009073333333333352	0.008818635232925774	0.009054153891398364	0.00886595592698364	0.008859430767631864	0.009017236454379298	0.008475477272727266	0.008641843795093779	0.008946214692362679	0.008864444444443936	0.00889859848484842	0.008979629006410639	0.008835	0.00890631494601897	0.008758888888888714	0.008951649425948527	0.004991749890556635	0.008855996863136024	0.0088103471318898	0.009073333333333352	0.008869231167742998	0.008970912381377595	0.007555744755310653
5523941	0.009418512311372926	0.009736017298234843	0.009978333333333374	0.009694055178651313	0.009903761716544114	0.009679413816231087	0.009688402790518174	0.009908986980073555	0.009336704545454544	0.009546206709956671	0.009702339453270686	0.009647425195349236	0.009678068181818007	0.009821565705128607	0.00983625	0.0097344072199734	0.00993569444444425	0.009748889740409617	0.006726636186598539	0.009677829252955053	0.009617804191775272	0.009978333333333374	0.009693661687608364	0.009853540161354582	0.008715157894620339
5660545	0.00838504492174499	0.008737521967554972	0.009053333333333352	0.00875707174919582	0.008916596245059229	0.00857350807530636	0.008769730941171793	0.008985115598950223	0.00860776515151516	0.008757422077922083	0.008694680696606321	0.008637555930616823	0.008753484848484804	0.008783905239474157	0.00880125	0.008831097348360645	0.00878472222222207	0.008803206258537572	0.007104425867515639	0.008738981733893808	0.00858416616537598	0.009053333333333352	0.008758836464646185	0.008930757256372615	0.00818610001765107
5791032	0.00801557455394014	0.008267464870139572	0.008375000000000021	0.008415458197973815	0.00853922444475805	0.00822676994318882	0.008391081745191065	0.008541178986201147	0.008273666666666667	0.008420659271284265	0.008345277800425278	0.008223210046766245	0.008370833333333301	0.0084165663420924	0.00814125	0.008442320512820576	0.008390634920634774	0.008336770889067164	0.006774967112349842	0.008356234651047408	0.00817518848552583	0.008375000000000021	0.008377646816024754	0.008519900097162098	0.007826948143664884
5923384	0.008921958851627396	0.00901335338844753	0.009285000000000026	0.009179943379148224	0.009256204813664516	0.008976906625999021	0.009183767207155453	0.00933754395874325	0.009119416666666661	0.009318909090909058	0.009163842666362545	0.00891557077059863	0.009221666666666578	0.009096152585765854	0.00919875	0.009178782051282239	0.00928027777777756	0.009123780870002823	0.00873245224059053	0.009133959920147879	0.008963358129342243	0.009285000000000026	0.00916659135052327	0.009309769218191764	0.008974525243993284
6062683	0.011709512351410245	0.011905179273711245	0.011728333333333398	0.012062530373284147	0.01219576325423198	0.01173730965971579	0.01205654496361619	0.01231811820470889	0.011752291666666671	0.011946755050505012	0.011783531822934725	0.01169980459085799	0.012017954545454245	0.012022112946780216	0.011763333333333332	0.01208926872469714	0.01196671626984096	0.011921759021135502	0.012155867945760884	0.01193349482569806	0.011768773201969831	0.011728333333333398	0.011983741369048548	0.012221435364893111	0.012064479478948977
6219308	0.010406520499560661	0.010232662936462042	0.010606666666666712	0.010353830259214379	0.01051856446278717	0.009638113519015657	0.010361391618828455	0.010512419107817868	0.010136939033189013	0.0103755229076479	0.01024713827365222	0.009746846152623933	0.010454772727272577	0.010321271710928375	0.009780833333333332	0.01034231470438095	0.010682539682539488	0.01036371533226466	0.010270757522538079	0.010338652395979593	0.010035509682140651	0.010606666666666712	0.010345147112283924	0.010492574214148929	0.01030383316352711
6385922	0.010017684386555755	0.010480003697377208	0.010718333333333399	0.010563536861147691	0.010753256662902009	0.010323721211326317	0.010521772532461846	0.01070921558596523	0.010548437950937937	0.010740860389610361	0.01043817426005833	0.010257392407238738	0.010626704545454327	0.010483234398618606	0.01022625	0.010549474358974853	0.01048271825396805	0.01049143348427501	0.010982515945119065	0.010502075739701813	0.010268921903171281	0.010718333333333399	0.010513053402077855	0.010725663376976372	0.010663736101099663
6547241	0.0120070139445718	0.012426008663091128	0.01279500000000009	0.012442241310926411	0.012630315650291256	0.012388618337476428	0.01243956258275239	0.0125945315159024	0.012138619949494951	0.012406546897546845	0.012219268672393875	0.012373608616554916	0.012498787878787597	0.012434773065476738	0.01268125	0.012435791666667513	0.012383124999999764	0.012423546745159181	0.012502014036332127	0.012430174452759056	0.012296320414803044	0.01279500000000009	0.012408016905730542	0.01257562373252582	0.012446749055468305
6704069	0.012181513634298948	0.012091624863919018	0.012037500000000088	0.01255730356956354	0.012704526557500158	0.01199708973795927	0.012507372514910685	0.012754284167386713	0.012604843434343446	0.012776715367965336	0.01251172570582616	0.012013792333103047	0.012458749999999765	0.012363232696123782	0.01209875	0.012544323886640363	0.012452986111110797	0.012330586354968674	0.011958768661989885	0.012456567433260048	0.012080182372675786	0.012037500000000088	0.012488246855256891	0.012741392134245884	0.012218638005229838
6854687	0.010229746106198737	0.010188299183993842	0.00996833333333339	0.010382496607868809	0.010585134222661143	0.01020893998437592	0.010422313076787714	0.010544481382481135	0.01053884090909088	0.010612811688311668	0.01030740004442682	0.010186043453401366	0.010346749999999804	0.010391518016164787	0.01020625	0.010423067307692794	0.010510486111110863	0.010314101852487524	0.009636372578691222	0.010387235177548677	0.010206056137143017	0.00996833333333339	0.01039222955733185	0.010566855406474649	0.010103018035123978
7002523	0.011569983685153384	0.011796705213053964	0.01200666666666677	0.011841344970948166	0.01207397140974928	0.011755037398060043	0.011823712827725262	0.01198280394240035	0.011598861111111105	0.011806754329004266	0.011445800538493024	0.011751012070388754	0.011848749999999707	0.011777178343722229	0.01188625	0.011842733974359712	0.011801319444444193	0.011799595869954332	0.010676046516829553	0.011759012235980307	0.011715502920334518	0.01200666666666677	0.011766462580737016	0.011982781485936548	0.01139599859078937
7140940	0.009147429704690905	0.009445542253522163	0.009670833333333365	0.009440316383009848	0.009581511330698119	0.00937832925425373	0.009454972228042455	0.009661387633560461	0.009212291666666669	0.00941783459595959	0.009314285206562507	0.009442886810777765	0.009426136363636243	0.009581054239164015	0.009165	0.009496751855600886	0.009520833333333098	0.009553448206083963	0.00882957064641951	0.009399234373172617	0.009342369600492789	0.009670833333333365	0.009439148171318395	0.009600567913032558	0.009302321411967258
7281607	0.008072049892261608	0.008368822675182297	0.008653333333333355	0.008406222454162364	0.008704155388471121	0.008240444601968445	0.008434539022699084	0.008538468681662149	0.00843013311688313	0.008580795454545452	0.008394752456174891	0.00822856911886116	0.008397916666666652	0.00846993771109074	0.0086275	0.008457554487179537	0.00854709325396809	0.008479143995619678	0.008065066472864353	0.0084387918348546	0.008234502777033718	0.008653333333333355	0.008433909337956888	0.008593978101439019	0.008328584654204095
7424241	0.00861403310503437	0.008998771698348652	0.009211666666666698	0.008971007031110804	0.009053571395302946	0.008781194983704313	0.008907018596375226	0.009083239518577339	0.008280035353535376	0.008404333333333321	0.008803026252743835	0.008865177625309232	0.008928446969696868	0.009136472427743986	0.00887375	0.009014076923077303	0.00901833333333328	0.009117210171649015	0.008518717556328294	0.00885950050632242	0.008813317566871776	0.009211666666666698	0.0089124355958068	0.008970222327375718	0.008910974463100817
7572394	0.009720169166968447	0.009631253660854938	0.009605000000000034	0.009944275136010452	0.010110717683041372	0.009474519406293153	0.009907331697498356	0.010082666947210179	0.009963893939393906	0.010099792207792172	0.01001760065033518	0.009468072898798837	0.00996412878787864	0.009719203258547401	0.01001625	0.009962543353576672	0.009996111111110909	0.009726307119252027	0.009827973649079294	0.009920998319339252	0.009588991707512984	0.009605000000000034	0.009913960415704108	0.01009261474917418	0.009763216752247063
7728532	0.00832660859243019	0.00831291890430457	0.008680000000000035	0.008624057189907379	0.008672538085827084	0.008149642873259389	0.008634098951907638	0.00872334497708237	0.008786001984126997	0.008849193181818156	0.008579124356005934	0.008074693614665947	0.008508030303030226	0.00852593637377439	0.00801125	0.00863470900809748	0.008427956349206175	0.00847070234166301	0.00852101848105695	0.008562063687330715	0.008227990612332455	0.008680000000000035	0.008598028396249863	0.008724635657583451	0.008502223939942348
7876500	0.00856975676699708	0.008836386429690065	0.009420000000000036	0.008922755540478928	0.009080962257669712	0.008912730848861496	0.008949468195334079	0.009082688174558796	0.00872617424242422	0.00885071212121213	0.008738814515068225	0.008780299853884323	0.008955492424242345	0.00891717183253612	0.0087175	0.008943663461538676	0.008803650793650674	0.008867527130545432	0.0085778440973418	0.008926926224114222	0.008769648568025784	0.009420000000000036	0.008904265608575386	0.009047657214666478	0.008793353168129597
8021517	0.008220762560914564	0.008789682148447059	0.009135000000000046	0.008693606965173637	0.008847058408620267	0.00871611973460567	0.008751666397231142	0.008932422998158898	0.00831955988455988	0.008418563131313112	0.008502060823157463	0.008688454863095978	0.008678030303030217	0.008988305836189269	0.009159166666666668	0.008785184379217515	0.008614930555555381	0.008903334204497194	0.008582704295711981	0.008670194127569603	0.008605769295305295	0.009135000000000046	0.008710668329807108	0.008832930104079892	0.008820273564257816
8169714	0.00954604036605283	0.009599249704751157	0.009726666666666725	0.00966754522840264	0.00994990940443973	0.009593190738518031	0.009707062467417668	0.009877041848695837	0.009720416666666676	0.009900403679653648	0.009518880213132642	0.00942429276838752	0.00949810606060589	0.009721233691879733	0.009705416666666666	0.009726932692308086	0.009771319444444242	0.009759852306869331	0.009439907767013814	0.009707449158150068	0.009552114960703122	0.009726666666666725	0.009688034622786772	0.009902669369794054	0.00962223011593205
8322577	0.011257380438279995	0.011704017268607385	0.011883333333333437	0.011767714939288345	0.011962600837567857	0.011558645392145748	0.011766892348698384	0.0120337321319968	0.01207454797979797	0.012258926767676726	0.011952131313737945	0.011445151102216484	0.011770075757575436	0.012023710099409057	0.011565	0.011745596153846913	0.011778343253967987	0.011904867589963472	0.01178210630314355	0.011749590399698914	0.011496077208144174	0.011883333333333437	0.011806390267189663	0.012044485026174686	0.011898708159986022
8470646	0.010887207824025847	0.011431347222223444	0.011621666666666789	0.011275566694498394	0.011424823089591205	0.011422183285907076	0.01115414131766608	0.011384489688833616	0.007666906565656584	0.008167039141414157	0.010569328290591552	0.01133040344415665	0.011366249999999719	0.011208369085160411	0.01119875	0.011278389676114008	0.011031587301587046	0.011389159004541348	0.008334352220187228	0.010956179448930658	0.011260032340049722	0.011621666666666789	0.011036629784634105	0.010919104675324691	0.010211110213707146
8620766	0.009661888186402914	0.010355052787884844	0.01040833333333339	0.010253462930103955	0.010456098054919672	0.010274261468219104	0.010191696092876472	0.010253173791904565	0.006363585858585864	0.006715015151515167	0.009080969857544979	0.010313385490120858	0.010183749999999893	0.01042951876798126	0.01003875	0.010337233974359454	0.009905624999999803	0.010524108601669142	0.00628282902749443	0.009719484400872176	0.01013524370271447	0.01040833333333339	0.00996324534764237	0.009791239031425161	0.008963700427227252
8768142	0.009530830961917397	0.009902646445096593	0.009988333333333396	0.00971584752972394	0.009827061730660426	0.009892569745121335	0.009525945753544224	0.009689497536351581	0.004136553030303026	0.004579943181818194	0.008664355422650663	0.009958107712343114	0.00948541666666656	0.009876969268187418	0.009855	0.009586483974359433	0.009661914682539588	0.009888098602279755	0.0054514452373610614	0.00908273227448301	0.009808593961640672	0.009988333333333396	0.009317256127043686	0.008973840493975562	0.00829583369339695
8912382	0.009251426890899226	0.010255082075789144	0.010296666666666749	0.010018880309444193	0.010000808065123093	0.010300410900944594	0.009888503556673128	0.010099541212821667	0.007055208874458887	0.007452247474747495	0.008530430805160732	0.010250650403404586	0.009886272727272593	0.010153245043123345	0.01061625	0.009991522604588788	0.009888333333333095	0.010222924500141648	0.005224263431184364	0.009640346820034984	0.009996966301045901	0.010296666666666749	0.009697198154735711	0.00967564467574927	0.008416062062570248
9060041	0.010755948083046928	0.011325970221086014	0.01116916666666677	0.011103957573399884	0.011304181813476087	0.011323539420301051	0.011024603619550625	0.011272335158504761	0.0068987828282828356	0.006655412698412734	0.009705620006472902	0.011228616181608406	0.011190924242424117	0.011361448088370453	0.01137875	0.011170262820513423	0.010894513888888685	0.011425117689066785	0.006414044966414972	0.010536247019594118	0.011151707411493138	0.01116916666666677	0.010777562548474475	0.010597338123985682	0.009618744058546213
9203379	0.010540894549397176	0.010384610311628977	0.01004833333333334	0.010093816518058355	0.010610514097496417	0.010189472416907378	0.010642349071758669	0.010822682003002917	0.008714666666666652	0.008815287878787834	0.009746722169993107	0.010657026054031505	0.009633712121212085	0.010887995391947604	0.0113175	0.010669358974359508	0.010735416666666494	0.01110506936335036	0.00645703014593706	0.010332187744319888	0.01045476331785085	0.01004833333333334	0.010427008122807585	0.010458832154632667	0.009353327839545223
9357194	0.010873101629128674	0.011503009031241655	0.011555000000000107	0.011347411411581859	0.011493142457180102	0.011674706455902042	0.0113540292871516	0.011478771382767579	0.008425690476190443	0.008474119047619048	0.010732095650070828	0.011631196062836134	0.01154340909090894	0.011914490072838043	0.0117475	0.011324535256410927	0.011602499999999764	0.012064599347504597	0.009364412441300263	0.011018427204393477	0.01140728924611202	0.011555000000000107	0.011253409406266632	0.011036372848614112	0.011017116226280073
9510059	0.00899901619640027	0.009172287530740834	0.009096666666666692	0.008993900697017025	0.009121992028985388	0.009253418632603842	0.008963320208310106	0.009067101658980656	0.004737962121212117	0.004752303391053386	0.008170722321658422	0.009362992530529862	0.008944962121212085	0.009690360920329995	0.0088675	0.009039721322537332	0.00896739087301572	0.00973916256698978	0.006733384862299005	0.008516224947551514	0.009186101200647627	0.009096666666666692	0.008805826285718478	0.008444106547089013	0.008649776736314233
9654192	0.009366484384183107	0.009684762131971485	0.009903333333333389	0.009563789524472404	0.00960703038772799	0.009797298252212946	0.009469849036662462	0.00967851079465863	0.005505000000000001	0.005638333333333341	0.008033642526255899	0.009741849042402833	0.009589431818181723	0.010069422063030518	0.00983875	0.009559420377868099	0.00971888888888876	0.00995944934025561	0.008321082085807842	0.008922355183307137	0.00964273792895424	0.009903333333333389	0.009217481037177865	0.009057024057837065	0.009419624758741944
9799693	0.008572517270397576	0.009112224234295514	0.009186666666666713	0.008868365204444274	0.009107895976849143	0.009216789951951588	0.009024504791767703	0.009322235847995106	0.006427787878787891	0.006597646103896143	0.00834634780892803	0.009131159005389715	0.00909246969696959	0.009270099053724463	0.00917	0.009032801282051436	0.008928194444444246	0.009293009271728579	0.007922358834981526	0.008684908637533994	0.008996419727644579	0.009186666666666713	0.008857171713786126	0.008850687161268234	0.008782902575196318
9938736	0.009187130892399456	0.009663804912811151	0.009794999999999983	0.009545658612505224	0.009720703679653473	0.009484982562325158	0.009504274582761358	0.009748448518090364	0.007412537878787875	0.007583924242424242	0.008400530333902877	0.00961985819491439	0.009562098484848494	0.009704615247618353	0.00956125	0.009517475371120535	0.009576874999999858	0.009731109640214647	0.008476079904907763	0.009310388871884153	0.00947847330430024	0.009794999999999983	0.009344297116647181	0.009419425403165765	0.009262676192186644
10077488	0.009928833282989939	0.010265373658619271	0.010583333333333445	0.010106110844378813	0.01048398120010831	0.010295736641012888	0.010037735749107268	0.010189476450330996	0.006238560606060629	0.006266820707070725	0.009123193417063824	0.010268631631994445	0.009934810606060548	0.010446164862243867	0.0103675	0.010092619433198764	0.009879999999999783	0.01046094921700041	0.008678438570673254	0.009731524372587423	0.010183151113220353	0.010583333333333445	0.009863943025275249	0.009697121561236062	0.009819928410714253
10218196	0.00996295101751215	0.01079739819808418	0.010303333333333392	0.010577670208288873	0.010737186691283294	0.010941324994934404	0.010474075419413737	0.010677200257819722	0.00844642676767676	0.008741960678210672	0.009515467388287367	0.010840506315466441	0.010456704545454365	0.010774090595538795	0.01125375	0.0105640025303649	0.010751111111110741	0.010887205242521977	0.009641037350127628	0.010103055107056062	0.010620293499937114	0.010303333333333392	0.010332033160729972	0.010408035833545586	0.010377437736961884
10367804	0.011268151050481503	0.011831130677732303	0.0121450000000001	0.011594588214411812	0.011743540445480958	0.011791668138126071	0.011503464588227342	0.01163252182160554	0.008144829545454533	0.008175528138528131	0.010485326575239267	0.011830281383011908	0.011585492424242172	0.011940122186816674	0.011845	0.01171710509446769	0.010959305555555276	0.011972143893371581	0.009865495254662014	0.010879485011798789	0.011668812059957673	0.0121450000000001	0.01128722436575137	0.011151607753163798	0.011198113557424812
10521825	0.009106954951189267	0.009593214984351551	0.00955666666666672	0.009487285373829518	0.009521227239789062	0.009589246186411254	0.009411333384357491	0.009585269621496237	0.006435416666666648	0.006509172619047661	0.008608045055415904	0.009555000834420182	0.009481568181818051	0.009753664488257765	0.00950875	0.009511477564102868	0.009404444444444186	0.009735856389752084	0.008514696939522438	0.008917431306306761	0.009451589391586619	0.00955666666666672	0.00922936373862289	0.009108501436576892	0.009317545103764278
10669888	0.010309767986596621	0.01082091552211934	0.011276666666666758	0.010636318687918676	0.010668121621494152	0.010810412509059992	0.01061738139120645	0.010646948001746967	0.008114143939393937	0.008140431457431468	0.00992090346173314	0.010822356960997934	0.01067219696969682	0.01105062078674676	0.01081	0.010697309547908753	0.009982708333333172	0.011027665169307272	0.009357325873341467	0.010215769601955724	0.010683621040612157	0.011276666666666758	0.010465031599602664	0.010280920003148612	0.010441511188477226
10818976	0.01231691767066328	0.012311245037861365	0.012415000000000067	0.012455704432382322	0.012628326501034787	0.012307677081014762	0.012404090003695944	0.01266554301784984	0.008098638888888895	0.008560371212121236	0.012119355577253261	0.012217796761403736	0.012385719696969534	0.012555691176744776	0.01220625	0.012458955128205947	0.011747499999999793	0.012510781395571026	0.011076530833436515	0.012142951342451446	0.01229430781090535	0.012415000000000067	0.012255616803317323	0.012044181850026273	0.012029212290174375
10969371	0.011533110989281722	0.011532542650833717	0.011870000000000075	0.011932173329157145	0.012162255797101113	0.011239487583822684	0.011943629352500817	0.012140248329201367	0.011337537878787884	0.011561868686868659	0.01172412944369606	0.011106117845117296	0.012156073232322958	0.011743109739169522	0.01125	0.011935923076923732	0.011907291666666413	0.011807116170035013	0.01138822906449283	0.011892413964730033	0.011374166659560139	0.011870000000000075	0.011888747421059834	0.012060943474165748	0.011625983197644359
11122718	0.010413097138289577	0.01018445755207674	0.010195000000000056	0.010616060780015087	0.010741625409372962	0.010192473079058087	0.010597464137869142	0.010799225107935259	0.010069583333333331	0.010397401515151486	0.010431436332358993	0.010096101200685548	0.010681015151514994	0.010318462151105615	0.01027125	0.010672108974359612	0.010557569444444203	0.010352601653864667	0.010344754187027894	0.010584118870860172	0.010232674393888098	0.010195000000000056	0.01054871176213937	0.010720041035267807	0.010346185836773027
11278634	0.006499224772730099	0.006873849765258808	0.00702083333333333	0.0071026325714085	0.007230005514775115	0.006845728807199793	0.007118618461861047	0.007245639286148287	0.0071386111111111225	0.007119493506493505	0.007057420186290686	0.006764981600316674	0.007175871212121213	0.007074651043513178	0.00488	0.007134157051282019	0.007014236111110988	0.007029051193344568	0.0072123109827804425	0.007099465653153261	0.006716383575887232	0.00702083333333333	0.0070986724794913	0.007222201176214296	0.007114291735472417
11426064	0.008778318685900907	0.009199061655270463	0.00922666666666671	0.009311061145321707	0.009498276350460943	0.009356646461320853	0.009296372489308367	0.009444692698333982	0.00978202272727272	0.009914926046176045	0.009364772826085497	0.009041603049116838	0.009159083333333231	0.009424942860958822	0.00604625	0.009342564102564406	0.009277499999999779	0.00942896584451115	0.009296348355346656	0.009270244016558233	0.00905160413678747	0.00922666666666671	0.009323266099371263	0.00953070029224021	0.009375185418624733
11583939	0.008364839350999903	0.00852599136850178	0.008353333333333353	0.008572675364436129	0.008682431785243654	0.008479674357036907	0.008559280419981963	0.008721651794245987	0.008815833333333316	0.008947292929292926	0.008591646564378287	0.008457676806770759	0.008487083333333284	0.008674285046550984	0.00827875	0.008547033063427877	0.008515277777777589	0.008646474270509734	0.0086035515416951	0.008572207375529358	0.00845526616448016	0.008353333333333353	0.008575701941142357	0.008741647273678195	0.008652590364731942
11737153	0.00806392262050819	0.008303777386542248	0.0086866666666667	0.008379424783316231	0.008481821376811492	0.008257471349838475	0.008394606966910564	0.008508016060569154	0.00839962121212122	0.008520757575757565	0.008503928515288814	0.008066030557143467	0.008324749999999917	0.00874059039101608	0.0080925	0.008376157051282302	0.008396666666666459	0.008717882773700968	0.008364946705151529	0.008377922138402256	0.008181209797544359	0.0086866666666667	0.008436359972206058	0.008500453612350753	0.008588740212553764
11870880	0.009150831113783245	0.00931163588120857	0.009585000000000034	0.009458499945948922	0.009608614869188634	0.009244442118746768	0.009487742749896557	0.009559969577769995	0.009755238095238076	0.009893896464646449	0.009483986143685076	0.009067633949558021	0.009488643939393844	0.009660698227854958	0.0093875	0.009502147773279658	0.009441894841269605	0.00960519822280041	0.009660342870090485	0.009511582151570488	0.009210285179200127	0.009585000000000034	0.00950685828964258	0.009622532955525166	0.009641372457847531
12004972	0.009946409010594792	0.01033139866979763	0.010425833333333384	0.010498112931843363	0.01068166634199111	0.010184041057222397	0.010490132245676284	0.010679967825845097	0.01056824855699856	0.01073029545454543	0.010485178578589195	0.010048549405764988	0.01045556818181799	0.010378601005234002	0.00994125	0.01055532776653223	0.010425982142856892	0.01043471441261636	0.010457866183876481	0.010510102857072899	0.010131858939295626	0.010425833333333384	0.010494514828348782	0.010687108822737781	0.010400326626612784
12146072	0.00890385000841508	0.009153767521798362	0.009215000000000032	0.009249884131570536	0.00941963642010148	0.009106153471217932	0.009295078212188895	0.009447001354286806	0.00916563383838385	0.00932132323232325	0.00936516666599319	0.008994010101009637	0.009270189393939265	0.009172306538236741	0.00931875	0.009333713562753358	0.009309374999999781	0.00923835336236486	0.00882127373995294	0.009262703865794536	0.009047036798298182	0.009215000000000032	0.009285949024397252	0.009419450704673411	0.009055802970050604
12297983	0.010265416494624464	0.010310879132282758	0.010411666666666713	0.010658860313814448	0.010756677569169615	0.010142577593368675	0.010596086251793146	0.0108091700535575	0.010473738095238064	0.010703415584415545	0.010391943938698044	0.010087776140197126	0.010605909090908921	0.010465222405003608	0.0101175	0.010625185222672697	0.010547013888888573	0.01051057320582067	0.0106705311925544	0.010580727998679288	0.010209550049796151	0.010411666666666713	0.010568845209693	0.010772096525947404	0.010548926561129351
12442266	0.01083970585155472	0.010815789714131375	0.01062166666666675	0.011053402306647421	0.011195848296630513	0.0108702836691599	0.011028523701900158	0.011169857801756469	0.011085204545454575	0.01122524999999997	0.010935766964752474	0.010823275436184183	0.011002613636363413	0.011041011096311408	0.0107325	0.011041062921728092	0.011048888888888553	0.011098020275645692	0.011080471627468603	0.011003089224618866	0.010837622115974596	0.01062166666666675	0.011026836775932256	0.011188860611472708	0.011064150434730288
12589142	0.008613956676982905	0.008598429637001546	0.00869666666666666	0.008764286763816196	0.008873152724449357	0.008546939119371254	0.008725172226973438	0.008798554758947023	0.008525669191919218	0.00861884559884559	0.008840157944653043	0.00856058249158216	0.008794999999999914	0.008737494275941709	0.00844	0.00874383386676171	0.008678333333333135	0.008806302912906936	0.008524920239349249	0.008716459585951911	0.008585561716340919	0.00869666666666666	0.008746586812916063	0.008794525852198299	0.00866571581423461
12759070	0.007955093704752298	0.007911161971831629	0.00822416666666667	0.008567342831297706	0.008665722826086944	0.007926597546918535	0.008518883853212162	0.008598347099038693	0.008351763888888869	0.008436399711399718	0.008445841912069301	0.007871718855218576	0.008499924242424229	0.008061783291361714	0.00779375	0.00852549038461533	0.00843366071428555	0.008117511670445561	0.008324460285864359	0.008505928673803972	0.007922106588651128	0.00822416666666667	0.008465963621537696	0.00858695296870369	0.008169530984180372
12936233	0.010342116519051998	0.010258759445563374	0.01021500000000006	0.010587337247328804	0.010809214784490534	0.009923471649162305	0.010629056916965885	0.010715645139176572	0.01047833333333333	0.01060337337662335	0.010717223505331148	0.010089948736273743	0.010594469696969514	0.01052137796018987	0.010325	0.010697195681511992	0.010620882936507635	0.010552136530502297	0.01066192942252355	0.010588513547639573	0.010173502666611748	0.01021500000000006	0.010618876408580852	0.010727390042999713	0.010570111440011878
13091657	0.00908064265486652	0.009191191025594665	0.00936333333333337	0.00935037995283563	0.00955703982683966	0.00917346611112872	0.009362667828481079	0.00950620538172735	0.009427280303030288	0.009477810606060566	0.009414481552758034	0.00916017486929935	0.009417386363636253	0.009417047477085286	0.009285	0.009348789136302516	0.009504999999999686	0.009403568923274092	0.009238783343114558	0.009376880625935122	0.009156062252836055	0.00936333333333337	0.009375460889377083	0.009517544639841342	0.009354671110673953
13236720	0.009618509222890375	0.009772478623375302	0.009820000000000053	0.009857721688758179	0.010008190447957683	0.009798713945914455	0.00986338393236845	0.010038629089172137	0.009674178571428585	0.009840970959595944	0.00981195675125837	0.009777188589572102	0.00993667424242406	0.009956513218692615	0.01005875	0.009960083502024777	0.009915466269840967	0.009864388010611916	0.01008977164000869	0.009841486427987307	0.009743834195992108	0.009820000000000053	0.009858055686851368	0.010000376178986234	0.00998647604473042
13403388	0.008559339634530387	0.008498953442880337	0.008490833333333347	0.008995054413247858	0.009147776999811716	0.008372653947209228	0.008976166038108357	0.009114605992017381	0.009090643939393938	0.009190886363636358	0.00878216041233026	0.00840382828282794	0.00896553030303025	0.008835170730311776	0.008221666666666667	0.008970967948718057	0.008982499999999711	0.008787697232854535	0.008716990587442575	0.008974600846788893	0.008468152164738054	0.008490833333333347	0.008941425886983578	0.00913560715505199	0.008770724881844265
13562735	0.009166949273771027	0.008867708333334152	0.00910166666666671	0.009323033973488444	0.009533721828533612	0.008859838053554933	0.009328969606566307	0.009542813774209312	0.00938699855699856	0.00965663275613275	0.009462665056007426	0.008743608451471296	0.0093423106060605	0.009146768037783961	0.00881875	0.00934235576923113	0.009468958333333022	0.009125230405674338	0.008512057426995259	0.009352000979876755	0.008928029868078962	0.00910166666666671	0.009330616706620021	0.00955411823718444	0.008912359958897133
13692842	0.008329951588137749	0.008265350883076986	0.008328333333333354	0.008363246633962602	0.008552121772068398	0.008198808596974057	0.008403022276048368	0.008577003189708804	0.008481317460317437	0.008664784632034636	0.008532719354454908	0.008211541992249202	0.008340151515151486	0.008348485328907581	0.00790375	0.008397567307692505	0.008587499999999762	0.008387860404128528	0.00697019144284808	0.008369585680648599	0.008253269580663853	0.008328333333333354	0.008410073224748092	0.008581314766671556	0.007853335782709676
13822455	0.00817171885408397	0.008256907506634678	0.008541666666666704	0.008417241067389867	0.008490330632410956	0.00828238658598952	0.008441489094857764	0.008543084406403192	0.008318295454545451	0.008436122474747471	0.008286345796414707	0.008182187952333858	0.008352916666666623	0.00845506798243953	0.007855	0.00843230465587064	0.008524444444444187	0.008486565523427834	0.007275420307001395	0.008458114959927838	0.008224001386672088	0.008541666666666704	0.008423902691686943	0.008508836704852862	0.008048407406334024
13959870	0.008042178183445554	0.007966797395484613	0.007957500000000005	0.008277463004579015	0.008373387987012933	0.007846935949245338	0.008232549694253645	0.008371463977905638	0.007781401515151491	0.00788190656565656	0.008091026324943063	0.008022077594699346	0.008182575757575762	0.008087583162245785	0.0080325	0.008219417004048692	0.008159097222221988	0.008203269878841454	0.0067696212348567686	0.008177787911057196	0.007972908558880588	0.007957500000000005	0.008196703887624855	0.008299427411289698	0.00764341119227665
14096834	0.010221599369894129	0.00993111778264158	0.0104683333333334	0.010468526291183014	0.01059119725672856	0.010006965203013083	0.010410789952093623	0.010539345580177125	0.010450754870129872	0.010591234668109645	0.010359940386282329	0.00978879607020965	0.010444227272727064	0.010346115726176192	0.00935625	0.010483480937922205	0.010415644841269509	0.010277854131979411	0.00889109433294927	0.01042520680502024	0.009995189631067528	0.0104683333333334	0.010407928715148005	0.01056167500242835	0.009817561483326645
14231552	0.009006976168014534	0.008766163940084467	0.009202500000000025	0.0093990568111143	0.009444085307884214	0.008762012637950782	0.009477058721511989	0.009529048159928584	0.009581688672438674	0.009712474747474735	0.009503749281528385	0.007909247763355675	0.009527840909090804	0.009328003084038642	0.008526666666666667	0.009400641025641282	0.009574930555555305	0.009349088785342389	0.009048319469727025	0.009482461777927305	0.008671211543931714	0.009202500000000025	0.00945640881960793	0.009530524718386118	0.009243504621304353
14368230	0.0073061717138152675	0.006612510752071453	0.0065433333333333385	0.007271907786243485	0.007329530335968451	0.006535600015926176	0.007261363273165948	0.007385411002558957	0.007619999999999994	0.007746287878787881	0.007476982782902947	0.00607443201854035	0.007171492424242463	0.0077484822813913765	0.00688625	0.007225182017543766	0.00717854166666647	0.007781295495271355	0.007142592019624688	0.007324791666666653	0.006695809303260006	0.0065433333333333385	0.007355926513133826	0.007421915558851075	0.007523973697154702
14503253	0.008129033551555944	0.007561071413496813	0.007050000000000003	0.008704093064170072	0.00874563753999606	0.007534100804849354	0.008655620013163475	0.008924745544569571	0.008287571969696969	0.008431371212121222	0.008589637769170624	0.007486614992952718	0.008670909090908986	0.008660020455857847	0.00824625	0.008586451471714912	0.008602847222221998	0.008635681378054844	0.008320928539936268	0.00867624261618693	0.00771368971530864	0.007050000000000003	0.008648758158122462	0.008794870135699752	0.00852358951149688
14638736	0.010159332863598537	0.00997513175822628	0.010321666666666672	0.010873376531914782	0.010868853900809175	0.009944983233539987	0.010836244298647688	0.010927190754401623	0.011121325757575734	0.01126675757575753	0.010486169683243457	0.009495231953229617	0.010911818181817953	0.010791867654915022	0.0094825	0.010846676282051772	0.011035069444444098	0.010756573963777822	0.010749051687496533	0.010878733686727371	0.009929625922696105	0.010321666666666672	0.010816403890629496	0.010958735052387087	0.010748224310574412
14775340	0.008187675044044605	0.0070407648712216735	0.006581666666666663	0.009921738441439966	0.010015273595054764	0.006950953203379726	0.009864008190518398	0.010044925586314169	0.00927491666666667	0.009406972222222238	0.010076909055571978	0.006666834987805397	0.009665833333333243	0.009701146507838414	0.00663625	0.00954343859649147	0.009840347222222004	0.009664374166768259	0.0070673458989944414	0.00982453205405995	0.007292175738072629	0.006581666666666663	0.009834166798953926	0.009940652965224636	0.008740982743317575
14998349	0.006682393987510149	0.005234935446009609	0.005099999999999988	0.009506803639198523	0.009613712502352694	0.005704890575060888	0.009601495431826208	0.009696680879865385	0.009919469696969703	0.010027029220779214	0.008196747409832134	0.00551699999999988	0.009459757575757588	0.009121262785983414	0.0056925	0.009009291190988635	0.009642499999999816	0.009180775701229538	0.007517470724311728	0.009628982033109941	0.005878285459279714	0.005099999999999988	0.009366048563504844	0.009720175677378033	0.0085481360784523
15245113	0.006640310029483485	0.005388539710485189	0.005615000000000001	0.00846347005827027	0.008440028744174936	0.005434130050685852	0.008340596586230509	0.008451341263387417	0.0075486111111111144	0.007576969696969677	0.007116552650513274	0.005078171081887973	0.008330416666666668	0.007321643825057547	0.0055	0.008116226495726573	0.008431111111110959	0.007509836440712834	0.0061520284650505	0.008341917676605528	0.0057310684978115175	0.005615000000000001	0.008097171061859131	0.00831828024302406	0.006964487973486591
15408453	0.003961008973482671	0.003871458333333404	0.0038550000000000012	0.007776686239566896	0.007826709407576894	0.003955276434727782	0.007677223944279296	0.007770515471986874	0.007269166666666665	0.007349287878787875	0.006770470962212804	0.0037636300828800227	0.007691666666666662	0.007579664762732651	0.00398125	0.007333348387861592	0.0076958333333332464	0.007190285245761937	0.005248204779821616	0.007645543392418586	0.003941202305272511	0.0038550000000000012	0.007505142845988887	0.0077254555958326055	0.006697624631836964
15543972	0.005651251656324662	0.00721716094771262	0.0074583333333333324	0.008894516997686537	0.008962273831317329	0.0068945614291033045	0.008635400794089252	0.008891969380826684	0.009015318181818173	0.009041163961038943	0.008884716799295212	0.006299121212121068	0.008829999999999855	0.008612200627056744	0.00725875	0.00875608923751724	0.00891763888888875	0.008522611653037708	0.005839374999999979	0.008400238945703265	0.006539591890722793	0.0074583333333333324	0.008660175675191666	0.008935597748196517	0.007622939504213398
15676908	0.00504604224784121	0.005224711196471937	0.005283333333333336	0.008609792634293298	0.008781931448943089	0.005162009814642341	0.008579012554646636	0.008751782801111021	0.008465772727272726	0.008601139610389608	0.008643386908430039	0.005271939393939279	0.008518712121212033	0.008526097639310086	0.0052875	0.008249879732465418	0.00862243055555541	0.008037674281243091	0.005330362793235099	0.008540337062712497	0.005207058572540395	0.005283333333333336	0.008509846960050334	0.008737707402252971	0.007287846033087202
15807290	0.005495220644623062	0.005382376760563567	0.005586666666666666	0.007853959565154719	0.007888818332061997	0.00533937235132889	0.007962602708183726	0.007999994472069775	0.00785416666666667	0.007945343434343418	0.007861675694704405	0.005382732323232204	0.007866212121212107	0.007915982161935469	0.0053075	0.007709148954116101	0.008016547619047524	0.007656890137328327	0.0049036449919046664	0.007899606282820448	0.00543123941656759	0.005586666666666666	0.007885953082827624	0.007956898782836038	0.006775789130871817
15931132	0.007084187778914348	0.005630715493765021	0.005350000000000006	0.009909646913037638	0.00987036450513623	0.005679886093161349	0.009983090322788043	0.010083055155023432	0.009699583333333334	0.009778758658008627	0.010142226700359011	0.005631045866143618	0.01003818181818163	0.009689648606434145	0.00561375	0.009696484143050273	0.010252857142856966	0.00947775915548263	0.006070218450383248	0.009962848630532815	0.006099800550465208	0.005350000000000006	0.009930586517059047	0.009970764283041755	0.00830566420613529
16062595	0.00654265490116371	0.006502873085889391	0.006473333333333362	0.009226627394604281	0.009302157640890636	0.006331388341103953	0.009209813395885065	0.009316451635313503	0.00924376893939394	0.009313962121212103	0.00917283427646779	0.006274289319171261	0.009276212121211986	0.009311846800187878	0.0069175	0.009166435728745245	0.009393819444444318	0.008974283609776324	0.005654308246577948	0.009132327582620881	0.0064701184888730666	0.006473333333333362	0.009172558601250788	0.00930957445565233	0.007944815811891739
16201904	0.0063924220252231205	0.006401729444207935	0.006784999999999975	0.007624070663503961	0.007789865109166168	0.00639589491150969	0.007603354275279364	0.007576345722782262	0.007487183982683976	0.007547965728715725	0.007538696045774404	0.006431161664382587	0.007505946969696988	0.007584003996563719	0.006431666666666667	0.007584044871794899	0.007619880952380794	0.007566059992947247	0.004519115082891074	0.0075313229704897485	0.0064195807293311495	0.006784999999999975	0.007577870343928385	0.0076377939382349744	0.006488383878490664
16331050	0.005626791790519551	0.0052797602253256285	0.005806666666666679	0.007862810945273269	0.00782753699887064	0.005254007597825816	0.00787151094858024	0.007912360953802879	0.008050833333333353	0.00811060606060602	0.00823785413554131	0.0047476531986531	0.007773333333333311	0.007763554124694965	0.0061025	0.007783275641025708	0.007699533730158571	0.007526514470080469	0.00472990591397853	0.007949036995249443	0.005314690600827159	0.005806666666666679	0.007885628886573074	0.007915555204373587	0.006618199377494793
16446942	0.005470679613933763	0.005654972783561546	0.005595000000000004	0.007432059057857343	0.007564020774515327	0.005683015657847028	0.007419349774859403	0.007595423026050685	0.007333143939393932	0.007419558080808071	0.007217293603261162	0.005564207882202769	0.007321666666666627	0.007202894631410505	0.005555	0.007387038981289003	0.007412222222222088	0.007361775861122789	0.004361648469578236	0.007294208903708948	0.005610764019374142	0.005595000000000004	0.0073692472806408775	0.00755973785646478	0.006212770181091262
16562784	0.0062251838531431755	0.005756901408451073	0.005718333333333321	0.007299444595205587	0.007314129380764157	0.0057890844724228525	0.007401101672308659	0.007441316494905716	0.007678295454545492	0.0077711363636363785	0.00739402797202808	0.00584938999718561	0.007307083333333311	0.0071625921875731816	0.005706666666666667	0.007251907051282054	0.007377916666666556	0.007090457541814121	0.004677628486199004	0.007389464798596332	0.005930397123659299	0.005718333333333321	0.007353372689531507	0.007450905002568519	0.006247676334314838
16684859	0.005377556917626242	0.004437030516432113	0.0045733333333333225	0.0067417265943010805	0.006715423188405812	0.004582384670340885	0.006772401840998246	0.006828839460052768	0.00681603787878789	0.006918090909090912	0.007028630661557351	0.00447956669256662	0.006777500000000035	0.006485486774043943	0.005035	0.006788256410256346	0.006677777777777722	0.006407687851474233	0.004097922149122805	0.006718100093599988	0.004779487194943123	0.0045733333333333225	0.006752729675392663	0.0068065546892792875	0.00560770931798624
16811737	0.005472045336325702	0.004632122037782555	0.004583333333333325	0.007027887833559248	0.007135917753623136	0.004685415519840103	0.007028019394352482	0.007134918477579913	0.006937777777777777	0.007083825757575751	0.007215287158430274	0.004881941077440995	0.007023977272727233	0.006894055961594325	0.00428	0.006966567307692336	0.007049305555555495	0.006936293132240795	0.004311916063513052	0.006986062200187327	0.0049510280059479935	0.004583333333333325	0.007025944224179576	0.007127189678906617	0.005986083288024954
16943918	0.005693487435809245	0.0052310505072924104	0.00521999999999998	0.007401036655663752	0.007477421828533752	0.005296883974700014	0.007408357164817326	0.007530168026954718	0.007705611471861453	0.007859499999999986	0.0074410217525888445	0.005212409748916234	0.00721878787878786	0.0073333304175848355	0.00534625	0.0073480436909581885	0.007443819444444339	0.007264392756266598	0.0048227166718460565	0.00741382070811042	0.005400116073829204	0.00521999999999998	0.0074029545876183635	0.007563027649402895	0.006398834598536623
17085038	0.005867932594172139	0.005476799404581341	0.005493333333333318	0.007444376978742459	0.007457960079051341	0.005553436848095051	0.007438197684737099	0.0074903006540157835	0.0072858333333333325	0.007367234848484844	0.00725806201207413	0.005486141245453199	0.007494583333333328	0.00725124558442373	0.0055825	0.007448836538461588	0.007532222222222113	0.007223510462654065	0.0049954685750279735	0.007412996025551736	0.00563400338132082	0.005493333333333318	0.007391097294538204	0.007461953202050692	0.0064494952878420865
17270891	0.006020903335247903	0.004291338665833629	0.004559166666666649	0.007670572139303272	0.00774053659420285	0.004752612224196256	0.007629121638502073	0.007745388370066943	0.007811218253968262	0.00791102272727272	0.0076387038656456525	0.004638780414204874	0.007602083333333311	0.007470643811050191	0.00492	0.0076627083333334805	0.0074966666666665864	0.007638166354250069	0.004899159159159134	0.007690944819820032	0.005006137999708243	0.004559166666666649	0.007653089938415403	0.007767696538405638	0.0065617767714255095
17459864	0.005049317306917648	0.004375180220210367	0.004553333333333333	0.006344357756671131	0.006364181818181861	0.00406545179902947	0.006283733229974688	0.006364742327723104	0.006436666666666665	0.006504659090909091	0.006166667214670744	0.004146570834127379	0.006375833333333361	0.006257976958959447	0.00414625	0.006289756410256259	0.006380208333333281	0.006249214596375062	0.003885540780141849	0.006313710249210093	0.0044575160303047135	0.004553333333333333	0.006277892570609206	0.006384269124533295	0.005456858148062096
17603087	0.00444868074283176	0.004327896088274229	0.004503333333333323	0.007224189280868223	0.0073412336956521435	0.0042083522240695705	0.00720896936586307	0.007294821022496797	0.007469083333333331	0.007560909090909087	0.007307726532276259	0.003952235929041908	0.0072037499999999975	0.007336010310299357	0.00446875	0.007235391025641047	0.007316874999999955	0.007352599258880294	0.004568286790780178	0.007223725005850118	0.004303454502388436	0.004503333333333323	0.007248824327505528	0.007348779554690128	0.006341602551741818
17741542	0.005209630744480761	0.004256787395873051	0.0047049999999999835	0.008374412030754924	0.008426787267080644	0.004081598400047719	0.008350223810067071	0.008457221436392272	0.008585000000000006	0.008681174242424237	0.008392797883728698	0.004289682019402806	0.008349583333333264	0.008571735576923206	0.0044375	0.008337160256410394	0.008455630952380886	0.008451690415857685	0.005220764627659624	0.00834221770085689	0.004540444011063915	0.0047049999999999835	0.008366240816396068	0.008481071471219738	0.007389195093134062
17880253	0.005182690339421047	0.0042042982507278165	0.00439666666666666	0.00957781819921336	0.0096266091097307	0.0037289352491372075	0.009542336322453687	0.009676952410530798	0.009605416666666668	0.009683901515151493	0.00954313638156591	0.004001338815123102	0.009555416666666561	0.009792237994662821	0.00414125	0.00952738141025673	0.009636666666666604	0.009702115153804104	0.005807690099674206	0.009584589246714794	0.004390856175409592	0.00439666666666666	0.009566622044171594	0.009662175835897608	0.008384515196214748
18023664	0.004806413955927179	0.004487637762312146	0.0050291666666666575	0.00910694255992724	0.009219512370600359	0.004056116933484992	0.009087220922382728	0.009190466000324712	0.009241666666666664	0.009264999999999994	0.00909101350661353	0.004207012836700263	0.009142916666666586	0.009228634537841304	0.00416875	0.009074243421052808	0.009034166666666597	0.009151520429632822	0.005555813511534257	0.009124878993031887	0.004478923000229185	0.0050291666666666575	0.009107402846417402	0.009210466594180792	0.007890564850905257
18161427	0.003933332029087882	0.0034167597885293166	0.0035183333333333342	0.00812590343735838	0.008234081159420228	0.0030811802765099206	0.008117100274165831	0.00818545136884362	0.008172499999999994	0.00824632575757575	0.008124142480838125	0.0032401645922211573	0.008188333333333297	0.008243166056166165	0.00340875	0.008055282051282142	0.008121180555555517	0.008101349816849823	0.005016141400709265	0.00813500572000601	0.0035022154760629034	0.0035183333333333342	0.008118953093974748	0.008209355925573562	0.007081315707481196
18299064	0.0035078440215016472	0.0033352924491394918	0.0035100000000000027	0.0070220011481055234	0.007104268530020696	0.0034435848993831088	0.007022438072752756	0.007104041687537986	0.007128510101010097	0.007260749999999991	0.0068664077207193815	0.0032539377104376793	0.007019583333333339	0.006880511580433523	0.0034	0.006978256578947337	0.007076666666666614	0.006943242212567664	0.004704194109247454	0.007025631840330452	0.0034528738223616744	0.0035100000000000027	0.0069986372633637425	0.007126827464070411	0.006098615370621652
18436253	0.0037582248919209695	0.0027978205470195945	0.00283833333333334	0.006936957259158571	0.006985726284584965	0.0025615756335410685	0.006931558614699085	0.007004372816160694	0.0069925378787878785	0.007063641414141417	0.00683362712014782	0.0024531183680762667	0.006952500000000025	0.006829188549297991	0.0028525	0.006895823717948652	0.006886666666666618	0.0068064041514040476	0.007019110949612405	0.006939214124839167	0.0030041685533382144	0.00283833333333334	0.006914615543661895	0.007007519051487056	0.0068419760080956895
18558355	0.0035066932082879533	0.0031438591612399864	0.0032950000000000024	0.007215748530076674	0.007306019047618987	0.002825908246580894	0.007244768120879195	0.007239094064377407	0.0072170833333333306	0.007307659090909082	0.007299591985723664	0.002698705641318833	0.007284583333333321	0.0072953105115348615	0.00326375	0.007158628205128214	0.007264236111111034	0.00711532376339581	0.007327216314006977	0.007229696348133939	0.0031481009353765466	0.0032950000000000024	0.007231104415703834	0.007269574712735012	0.007231134275404527
18685765	0.003753870604084368	0.0030726202262596615	0.0033649999999999978	0.0072598507462685305	0.007273931022467251	0.0027474731045703817	0.007268140427819244	0.007339643771807489	0.007344583333333332	0.0073547348484848535	0.007211147562103613	0.0030622404929800816	0.00729083333333334	0.007191465447952553	0.00316375	0.0071876126855600145	0.007300902777777735	0.007308252915792659	0.007327259204578481	0.007295764237451818	0.003240721975773796	0.0033649999999999978	0.007269212907422361	0.007321703777242066	0.007242573460084667
18822432	0.0027033800354959764	0.002237935335442621	0.0024450000000000036	0.006708880597014824	0.006814357618106527	0.0020910030764295724	0.006723658167380973	0.006764105252754228	0.006995833333333335	0.007056499999999996	0.0067042967351420195	0.001836284543548692	0.006700000000000035	0.006501133904598778	0.0020525	0.006639868421052565	0.006638333333333287	0.006665944161720004	0.00677103329475036	0.006676920045045077	0.002299831515977948	0.0024450000000000036	0.0067201993359594986	0.006822957441788643	0.006571446722780778
18974739	0.003263438244018498	0.0026867915709544578	0.002761666666666675	0.006205541610131148	0.0062690476613965805	0.002890243770314172	0.006237003532350307	0.0063057204452759115	0.006145280303030307	0.006195963203463203	0.006233794178753953	0.0022773020202020047	0.006224166666666686	0.006043574519230812	0.00266625	0.006131378205128133	0.006263888888888848	0.006224065270091895	0.006203262945978374	0.0061963433295307725	0.0028589645841411607	0.002761666666666675	0.0062275275171209035	0.006278128808255664	0.006092620758781736
19113867	0.0028834408305309675	0.0030823193606082087	0.0030433333333333354	0.0063440264586159265	0.006429675724637688	0.002907683098591482	0.006363747412633346	0.006382668975711216	0.006232287878787879	0.006297613636363642	0.006379356351236212	0.002840768915570776	0.006381666666666672	0.006524530048076996	0.0030175	0.006322769230769158	0.006506666666666617	0.006128187423687324	0.006482054521276599	0.006240547377734806	0.002979066257663605	0.0030433333333333354	0.0063270917625598295	0.006384002364138544	0.006388407118542611
19227935	0.003025718934574195	0.002864681943993338	0.003068333333333342	0.006200292836516683	0.006304992857142847	0.002474477444376358	0.006230175425509036	0.006358145246934758	0.006541921717171716	0.006608166666666664	0.006167769768340449	0.0024434831649831714	0.006151666666666667	0.00607715264423083	0.00259875	0.006133124999999934	0.006368958333333287	0.005489352910510062	0.00634236608069538	0.00624665990259739	0.0027631031651118815	0.003068333333333342	0.006155646661519804	0.006377853336278205	0.0060395714777595755
19345496	0.003402272980244378	0.0031409880952382014	0.003105000000000004	0.005639555630936257	0.005653333333333387	0.0032721838724655435	0.005636151270443762	0.005616758676424584	0.005877500000000019	0.005891704545454561	0.005834738344026873	0.0031219271514340754	0.005847500000000041	0.0053516693661164365	0.00320875	0.005676025641025462	0.005348422619047573	0.005043001476559442	0.005714613095238094	0.005700675317362619	0.003264037873150943	0.003105000000000004	0.005623675626008542	0.005668839820895203	0.005405349325932021
19467373	0.0030095724414474405	0.002691882824726208	0.0027250000000000035	0.005407419881113935	0.005485621014492809	0.002702609657947663	0.0054153451113717055	0.0055057129198556	0.005460198412698417	0.00550916666666667	0.005349863597613046	0.0026715555555555425	0.005454583333333346	0.0053148747807471464	0.00288625	0.00540600320512806	0.00535055555555552	0.005029836426837769	0.005375580327797964	0.0054422365669239215	0.0028107534550703287	0.0027250000000000035	0.005386420952859436	0.005499747826894047	0.00523212887840973
19593877	0.002957889467924126	0.002377291666666714	0.0023166666666666687	0.006668441881501492	0.006716160606060608	0.002460373239436605	0.006700818452214283	0.0067892818805319	0.007133749999999993	0.007161151515151511	0.006706086481349575	0.0023546397941680967	0.0066462499999999985	0.0066318008684863846	0.0027075	0.006643266025641037	0.006681111111111063	0.005978562085854191	0.00682204776422764	0.006701078704516226	0.0025971128215120302	0.0023166666666666687	0.00665586267045752	0.006821643748538893	0.006482231537120429
19740870	0.0020324294162452103	0.0015466119786350988	0.0014300000000000005	0.0068580597014924775	0.006894358333333335	0.0017299428308984312	0.006864990516321251	0.006905978700586491	0.006935416666666658	0.0069675378787878795	0.006807038639920666	0.0016419293564576608	0.006798030303030309	0.006839587944219543	0.0017625	0.006787128205128176	0.006913164682539639	0.006222202854616584	0.006950208333333336	0.006845892857142862	0.0017974816783848583	0.0014300000000000005	0.0068262731755229095	0.006911525192488097	0.006616595130030709
19908641	0.00159737345987346	0.001374502627627615	0.00132	0.007172386928991329	0.007178499999999999	0.0013747183098591475	0.00717868122215969	0.007211191860465026	0.007205	0.007216454545454547	0.007174034047569562	0.0013740909090909164	0.007212500000000007	0.007085749076490716	0.0013425	0.0071306217948717745	0.007223333333333307	0.006586780830280757	0.007070416666666667	0.007195491071428632	0.0014910370537775536	0.00132	0.007155340314111195	0.007202042994999259	0.00686465361321271
20317149	0.0016478990938885683	0.0016983402358596166	0.0019633333333333347	0.007356419041157809	0.007342149999999996	0.0013276911468812803	0.007351245529832639	0.007374278918755587	0.007539166666666664	0.007566249999999996	0.007364130434782652	0.0014200273807254992	0.007372500000000002	0.007291076923076935	0.00127625	0.007269749999999965	0.007367777777777747	0.006588406593406538	0.007497070035460988	0.007363750402187952	0.0015815138663180482	0.0019633333333333347	0.007328295132137711	0.007392823520351777	0.0070468233830845006
20995783	0.0027422479494190054	0.0012815982003129688	0.0009249999999999993	0.010925820895522142	0.010896507608695588	0.0018037535211267467	0.01092931998432066	0.01094754329004317	0.010842499999999996	0.010857840909090897	0.010907607630008606	0.0012832020837303978	0.010931666666666652	0.01089822836538465	0.0011	0.01079449358974369	0.010911111111111052	0.009701506358809703	0.010854428930260047	0.010903972007722352	0.0018972270744790148	0.0009249999999999993	0.010868024013988748	0.010918314158161734	0.010372242399115175
21748159	0.0015323740207161317	0.0009757699275362105	0.0008283333333333335	0.011020378787878616	0.0109534833333333	0.0012302595573440564	0.011019160954867224	0.011035357186441717	0.011114166666666658	0.011146249999999995	0.010926031790876173	0.0009452185803614377	0.011050833333333308	0.010984150240384644	0.00099	0.010886374831309012	0.011056666666666623	0.009742637362637313	0.011128639184397162	0.010999995039682712	0.0012761922885932216	0.0008283333333333335	0.010956191532479627	0.011026508797949234	0.010499601437257868
22437083	0.0008290759240759264	0.000661946400625967	0.0008483333333333326	0.009628432835820796	0.009624492391304331	0.0007132394366197205	0.009639032796913473	0.009642207414678253	0.009697083333333332	0.00969291666666666	0.009593188405797166	0.0006372811447811404	0.009609999999999983	0.009541693509615388	0.0006575	0.009519249999999976	0.009660555555555518	0.008446263736263691	0.009563165906788245	0.009657098214285847	0.0007946707111175378	0.0008483333333333326	0.009586237438304368	0.009644320185986906	0.00906604236558536
23117807	0.0022461854811854872	0.00165826584507043	0.0018650000000000014	0.009995606060605806	0.009963839328063186	0.002128076395875231	0.010002826557500873	0.010036744437732673	0.01017791666666666	0.010171931818181807	0.009963480392156927	0.0016747172987739095	0.009939999999999921	0.009977846153846191	0.00188875	0.009903000000000106	0.010023333333333292	0.00893585897435892	0.009916433004052677	0.010010670447233269	0.002016930375024761	0.0018650000000000014	0.009962123689188284	0.01003438278873135	0.009491422506331153
23884033	0.001772056671725762	0.0009090683240859172	0.0009433333333333318	0.008896940298507398	0.008881024999999976	0.0011424508279279366	0.008897767740131986	0.008892381078224045	0.008973541666666664	0.008941924242424239	0.008935144927536273	0.0007874527984244971	0.008889999999999995	0.008791162259615385	0.00106625	0.008806753205128168	0.008873333333333323	0.007686537240537243	0.008944889184397165	0.008874287337662457	0.0012514016475926718	0.0009433333333333318	0.008840546672603854	0.008896057426126019	0.008387140685461387
